美容健康,彩妆,脸部彩妆,高光/阴影
美容健康,彩妆,脸部彩妆,底妆
美容健康,美甲用品及修甲工具,美甲艺术,底油
美容健康,彩妆,唇部彩妆,唇线笔
美容健康,彩妆,化妆工具/附件,眉模具
美容健康,美甲用品及修甲工具,美甲艺术,水晶粉
美容健康,彩妆,唇部彩妆,唇彩
美容健康,彩妆,眼部彩妆,底妆/遮瑕
美容健康,美甲用品及修甲工具,美甲艺术,多功能底油盖油
美容健康,彩妆,脸部彩妆,遮瑕
美容健康,成人用品,安全/避孕,润滑剂
美容健康,美甲用品及修甲工具,美甲艺术,盖油
美容健康,彩妆,眼部彩妆,眉粉/眉笔/眉膏
美容健康,护肤品,手部护理,洗手液
美容健康,美甲用品及修甲工具,美甲艺术,指甲胶
美容健康,彩妆,眼部彩妆,眼线
美容健康,头发护理/造型,造型工具,扁梳/圆梳（婴儿用的请发布到婴儿梳子下）
美容健康,头发护理/造型,造型工具,烘发筒
美容健康,头发护理/造型,造型工具,围巾婴儿用的请发布到婴儿理发围布下）
美容健康,美甲用品及修甲工具,美甲艺术,彩色指甲油
美容健康,彩妆,眼部彩妆,闪粉
美容健康,美甲用品及修甲工具,修甲工具,死皮推
美容健康,美甲用品及修甲工具,修甲工具,指甲锉
美容健康,健康保健,家用健康监测器,血糖仪
美容健康,彩妆,化妆工具/附件,眉钳
美容健康,彩妆,化妆工具/附件,化妆扑
美容健康,彩妆,化妆工具/附件,睫毛胶
美容健康,彩妆,身体彩妆,身体彩绘
美容健康,护肤品,防晒/助晒,身体美黑
美容健康,头发护理/造型,造型工具,编发工具
美容健康,头发护理/造型,造型用品,发蜡
美容健康,美甲用品及修甲工具,修甲工具,打孔器
美容健康,头发护理/造型,造型工具,造型发卷（不带电、普通型）
美容健康,护肤品,手部护理,指甲护理
美容健康,美甲用品及修甲工具,修甲工具,指甲刀（婴儿的请发布到婴儿指甲剪下）
美容健康,美甲用品及修甲工具,修甲工具,美甲指托
美容健康,美甲用品及修甲工具,美甲艺术,美甲闪粉
美容健康,护肤品,眼部护理,眼膜
美容健康,彩妆,化妆工具/附件,睫毛夹
美容健康,美甲用品及修甲工具,修甲工具,套装
美容健康,头发护理/造型,造型用品,编发造型用品
美容健康,头发护理/造型,造型工具,发针（造型辅助，非装饰性）
美容健康,彩妆,化妆工具/附件,化妆刷
美容健康,护肤品,手部护理,手蜡
美容健康,护肤品,身体护理,身体乳
美容健康,美甲用品及修甲工具,修甲工具,分趾器
美容健康,头发护理/造型,造型工具,梳子（婴儿用的请发布到婴儿梳子下）
美容健康,护肤品,脸部护理,洁面用品
美容健康,头发护理/造型,造型工具,帽子
美容健康,护肤品,脸部护理,面膜
美容健康,工具/配件,镜子,化妆镜
美容健康,头发护理/造型,造型工具,头发修剪器（婴儿用的请发布到婴儿理发器下）
美容健康,护肤品,脸部护理,日霜
美容健康,头发护理/造型,造型工具,直发夹板
美容健康,护肤品,防晒/助晒,脸部防晒
美容健康,工具/配件,分装瓶及配件,分装瓶
手表,表附件,表电池,表电池
手表,表附件,表盒,表盒
手表,表附件,怀表表链,怀表表链
手表,表附件,修理工具,修理工具
俄罗斯当地图书销售,工程与科学,生态，自然，环境,环境
俄罗斯当地图书销售,儿童文学,儿童创作与休闲,儿童绘画书籍
俄罗斯当地图书销售,信息科学，程序设计，国际互联网,程序设计语言，环境与科学,Html和Css编程技术
俄罗斯当地图书销售,信息科学，程序设计，国际互联网,程序设计语言，环境与科学,Java、J Builder和Javascript编程技术
俄罗斯当地图书销售,信息科学，程序设计，国际互联网,计算机网络与国际互联网,国际互联网
办公文教用品,"钢笔,铅笔及书写工具",笔盒、笔袋等,笔盒
办公文教用品,"钢笔,铅笔及书写工具",马克笔、荧光笔等,美术用马克笔
办公文教用品,文具和教具,绘图工具,量角器
办公文教用品,文具和教具,绘图工具,尺
办公文教用品,绘画用品,颜料,丙烯颜料
办公文教用品,"钢笔,铅笔及书写工具",铅笔,普通铅笔
办公文教用品,"钢笔,铅笔及书写工具",铅笔,自动铅笔
办公文教用品,文具和教具,实验用品,吸液管
办公文教用品,文具和教具,教学用具,物理教学用具
办公文教用品,书写板、公告板等,白板擦、黑板擦等,白板擦
办公文教用品,文具和教具,实验用品,漏斗
办公文教用品,文具和教具,教学用具,数学教学用具
办公文教用品,文具和教具,实验用品,实验室量筒
办公文教用品,文具和教具,实验用品,陪替式培养皿
办公文教用品,文具和教具,教学用具,绘画教学工具
办公文教用品,文具和教具,实验用品,实验室冷冻设备
办公文教用品,文具和教具,实验用品,试管
办公文教用品,文具和教具,实验用品,实验室夹
办公文教用品,绘画用品,画纸、画布等绘画媒介,画纸
办公文教用品,文具和教具,教学用具,地理教学用具
运动及娱乐,运动服及配件,足球,运动衫
运动及娱乐,骑行,自行车附件,自行车车贴
运动及娱乐,运动服及配件,橄榄球,运动衫
运动及娱乐,健身及塑形,拳击,擂台
运动及娱乐,运动服及配件,拳击,平角裤
运动及娱乐,啦啦队用品及纪念品,啦啦队用品,口哨
运动及娱乐,骑行,自行车附件,自行车行车电脑
运动及娱乐,骑行,自行车附件,自行车车铃
运动及娱乐,骑行,自行车部件,自行车把套
运动及娱乐,骑行,自行车部件,自行车链条 & 洗链器
运动及娱乐,水上运动,游泳及潜水,泳圈
运动及娱乐,骑行,骑行装备,骑行眼镜
运动及娱乐,骑行,自行车附件,自行车灯
运动及娱乐,骑行,自行车附件,自行车锁
运动及娱乐,健身及塑形,健身器材,步程计
运动及娱乐,健身及塑形,健身器材,器材架
运动及娱乐,健身及塑形,健身器材,拉力带
运动及娱乐,运动服及配件,篮球,运动衫
运动及娱乐,运动服及配件,运动帽,高尔夫帽
运动及娱乐,球拍运动,乒乓球用品,乒乓球
运动及娱乐,健身及塑形,健身器材,腕力器
运动及娱乐,运动服及配件,游泳,单件泳衣上装/单件泳裤
运动及娱乐,健身及塑形,瑜伽,瑜伽包
运动及娱乐,健身及塑形,健身器材,握力器
运动及娱乐,骑行,自行车部件,其它部件
运动及娱乐,运动服及配件,运动护具,防汗带
运动及娱乐,水上运动,游泳及潜水,蛙鞋
运动及娱乐,水上运动,游泳及潜水,泳池及附件
运动及娱乐,骑行,自行车部件,自行车刹车
运动及娱乐,健身及塑形,健身器材,跳绳
运动及娱乐,娱乐,博彩,扑克牌
运动及娱乐,骑行,自行车部件,轴承
运动及娱乐,骑行,自行车部件,座管夹
运动及娱乐,运动服及配件,游泳,短裤
运动及娱乐,骑行,自行车部件,自行车曲柄和链轮
运动及娱乐,骑行,骑行装备,背心
运动及娱乐,骑行,骑行装备,骑行手套
运动及娱乐,乐器,打击乐器,鼓
运动及娱乐,运动服及配件,运动护具,护腕
运动及娱乐,健身及塑形,瑜伽,瑜伽砖
运动及娱乐,水上运动,水上救生产品,救生衣
运动及娱乐,骑行,骑行装备,自行车安全帽
运动及娱乐,运动服及配件,赛跑,跑步手套
运动及娱乐,运动服及配件,运动护具,护齿
运动及娱乐,运动服及配件,游泳,泳帽
运动及娱乐,运动服及配件,运动护具,护胫
运动及娱乐,运动服及配件,运动帽,钓鱼帽
运动及娱乐,运动服及配件,瑜伽,瑜伽拉力带
运动及娱乐,运动服及配件,高尔夫,高尔夫手套
运动及娱乐,骑行,自行车部件,Skewer轮串
运动及娱乐,运动服及配件,赛跑,跑步包
运动及娱乐,运动服及配件,运动护具,护肘，护膝
运动及娱乐,球拍运动,网球用品,配件
运动及娱乐,骑行,自行车部件,自行车座
运动及娱乐,运动服及配件,游泳,分体式
运动及娱乐,轮滑与滑板运动,滑板车,滑板车部件及附件
运动及娱乐,运动服及配件,游泳,比基尼套装
运动及娱乐,球拍运动,网球用品,网球
运动及娱乐,骑行,骑行装备,面罩
运动及娱乐,运动服及配件,游泳,一体式
运动及娱乐,运动服及配件,瑜伽,衬衫
运动及娱乐,运动服及配件,综合训练,外套
运动及娱乐,运动服及配件,运动护具,护踝
运动及娱乐,运动服及配件,赛跑,紧身裤
运动及娱乐,球拍运动,羽毛球用品,羽毛球
运动及娱乐,运动服及配件,运动护具,护腿
运动及娱乐,骑行,骑行装备,短裤
运动及娱乐,运动服及配件,运动护具,手臂套
运动及娱乐,运动服及配件,赛跑,长裤
运动及娱乐,骑行,骑行装备,骑行鞋套
运动及娱乐,运动服及配件,摩托车 / 汽车赛车,长裤
运动及娱乐,运动服及配件,乒乓球服,短裤
运动及娱乐,骑行,自行车部件,自行车手把
运动及娱乐,运动服及配件,赛跑,夹克
运动及娱乐,娱乐,博彩,骰子
运动及娱乐,骑行,自行车部件,自行车车头碗
运动及娱乐,骑行,自行车部件,自行车变速器
运动及娱乐,狩猎用品,狩猎用光学器材,镭射器件
运动及娱乐,运动服及配件,露营，远足,登山眼镜
运动及娱乐,乐器,木管乐器,口琴
运动及娱乐,乐器,键盘乐器,钢琴
运动及娱乐,运动服及配件,赛跑,短裤
运动及娱乐,运动服及配件,瑜伽,长裤
运动及娱乐,骑行,自行车部件,自行车脚踏
运动及娱乐,运动服及配件,高尔夫,长裤
运动及娱乐,骑行,自行车部件,后减震器
运动及娱乐,运动服及配件,瑜伽,瑜伽发带
运动及娱乐,骑行,自行车部件,自行车管颈
运动及娱乐,运动服及配件,棒球,运动衫
运动及娱乐,运动服及配件,网球,裤裙
运动及娱乐,骑行,自行车部件,自行车飞轮
运动及娱乐,运动服及配件,单板滑雪,长裤
运动及娱乐,运动服及配件,运动帽,跑步帽
运动及娱乐,骑行,自行车部件,自行车车胎
运动及娱乐,球拍运动,乒乓球用品,乒乓球配附件
运动及娱乐,运动服及配件,滑板,短裤
运动及娱乐,运动服及配件,排球,运动衫
运动及娱乐,乐器,弦乐器,吉他部件及附件
运动及娱乐,狩猎用品,打猎背包&枪套,弹药袋
运动及娱乐,乐器,打击乐器,零配件
运动及娱乐,高尔夫用品,高尔夫球杆部件,高尔夫球杆握把
运动及娱乐,运动服及配件,露营，远足,衬衫
运动及娱乐,运动服及配件,露营，远足,长裤
运动及娱乐,滑雪用品,滑雪用品,其它滑雪用品
运动及娱乐,运动服及配件,打猎,衬里衫
运动及娱乐,运动服及配件,武术,衬衫
运动及娱乐,运动服及配件,滑雪,滑雪眼镜
运动及娱乐,运动服及配件,滑雪,滑雪手套
运动及娱乐,运动服及配件,滑板,帽衫
运动及娱乐,娱乐,桌球用品,台球配件
运动及娱乐,运动服及配件,网球,连衣裙
运动及娱乐,运动服及配件,打猎,隐密猎装
运动及娱乐,运动服及配件,打猎,配件/配饰
运动及娱乐,骑行,电动自行车部件,电动自行车电机
运动及娱乐,马术运动,骑士装备,马裤
运动及娱乐,乐器,木管乐器,零配件
运动及娱乐,乐器,木管乐器,短笛
运动及娱乐,运动服及配件,武术,长裤
运动及娱乐,马术运动,马匹装备,马勒、缰绳
运动及娱乐,娱乐,游乐园设施,水上游乐设备
运动及娱乐,乐器,铜管乐器,小号
孕婴童,婴儿活动用品,游泳池和配件,充气泳池配件
孕婴童,婴儿护理,头发护理,婴儿理发围布
孕婴童,婴儿护理,尿布/尿裤用品,尿湿提醒器
孕婴童,婴儿护理,口腔护理,乳牙刷/训练牙刷
孕婴童,婴儿护理,头发护理,梳子
孕婴童,婴儿喂养用品,食物喂养,婴儿喂养碗
孕婴童,婴儿喂养用品,母乳喂养,吸乳器配件
孕婴童,婴儿喂养用品,母乳喂养,防溢乳垫
孕婴童,婴儿护理,洗浴用品,洗头帽
孕婴童,儿童服装（2岁以上）,泳衣/沙滩服,男孩泳裤
孕婴童,婴儿活动用品,婴儿推车及配件,婴儿推车配件
孕婴童,婴儿喂养用品,奶粉喂养,奶粉搅拌器
孕婴童,婴儿喂养用品,奶粉喂养,奶瓶刷
孕婴童,婴儿喂养用品,奶粉喂养,奶嘴
孕婴童,婴儿护理,洗浴用品,水温计
孕婴童,婴儿服装/配件（0-2岁）,配件,手套，连指手套
孕婴童,婴儿服装/配件（0-2岁）,袜子/暖腿套,连裤袜
孕婴童,儿童服装（2岁以上）,泳衣/沙滩服,女孩分体泳衣
孕婴童,儿童服装（2岁以上）,泳衣/沙滩服,沙滩短裤
孕婴童,婴儿喂养用品,母乳喂养,喂养罩衣
孕婴童,婴儿护理,洗浴用品,婴儿浴擦
孕婴童,儿童服装（2岁以上）,睡衣/睡袍,睡裙
孕婴童,婴儿护理,尿布/尿裤用品,婴儿尿布/尿裤
孕婴童,儿童服装（2岁以上）,睡衣/睡袍,睡袍
孕婴童,婴儿服装/配件（0-2岁）,配件,围兜围嘴
孕婴童,婴儿服装/配件（0-2岁）,袜子/暖腿套,短袜
孕婴童,婴儿服装/配件（0-2岁）,外套和大衣,春秋夹克/外套
服装/服饰配件,婴儿服装/配件（0-2岁）,配件,帽子
服装/服饰配件,婴儿服装/配件（0-2岁）,连体衣/爬服（不要发布连体睡衣）,包脚爬服
服装/服饰配件,儿童服装（2岁以上）,袜子,连裤袜/长筒袜
服装/服饰配件,儿童服装（2岁以上）,袜子,短袜
服装/服饰配件,婴儿喂养用品,喂养椅,加高餐椅
服装/服饰配件,婴儿服装/配件（0-2岁）,连体衣/爬服（不要发布连体睡衣）,短裤爬/长裤爬
服装/服饰配件,儿童服装（2岁以上）,内衣,内裤
服装/服饰配件,儿童服装（2岁以上）,外套和大衣,马夹 / 外穿背心
服装/服饰配件,儿童服装（2岁以上）,外套和大衣,春秋夹克/外套
服装/服饰配件,女装,袜子,袜垫
服装/服饰配件,女装,泳衣/沙滩服,单件泳衣上装/单件泳裤
服装/服饰配件,女装,泳衣/沙滩服,沙滩短裤
服装/服饰配件,女装,上衣，T恤,Polo衫
服装/服饰配件,女装,贴身衣物,内衣配件（乳贴/乳垫/肩带等）
服装/服饰配件,服饰配饰（男/女/儿童配件，婴儿配饰发到婴儿服装）,眼镜及配件,眼镜盒/眼镜袋
服装/服饰配件,服饰配饰（男/女/儿童配件，婴儿配饰发到婴儿服装）,眼镜及配件,阅读镜
服装/服饰配件,女装,贴身衣物,衬裙
服装/服饰配件,服饰配饰（男/女/儿童配件，婴儿配饰发到婴儿服装）,眼镜及配件,擦镜布
服装/服饰配件,服饰配饰（男/女/儿童配件，婴儿配饰发到婴儿服装）,眼镜及配件,太阳镜
服装/服饰配件,男装,上衣，T恤,Polo衫
服装/服饰配件,女装,贴身衣物,文胸套装
服装/服饰配件,女装,贴身衣物,安全裤
服装/服饰配件,女装,贴身衣物,女士内裤
服装/服饰配件,服饰配饰（男/女/儿童配件，婴儿配饰发到婴儿服装）,帽子,牛仔帽
服装/服饰配件,女装,贴身衣物,文胸(不要发布哺乳/情趣文胸)
服装/服饰配件,服饰配饰（男/女/儿童配件，婴儿配饰发到婴儿服装）,帽子,棒球帽
服装/服饰配件,男装,短裤(外穿),休闲短裤
服装/服饰配件,男装,睡衣，家居服,睡袍睡裤套装
服装/服饰配件,男装,内衣,丁字裤
服装/服饰配件,女装,袜子,长筒袜
服装/服饰配件,女装,袜子,短袜
服装/服饰配件,男装,内衣,三角裤
服装/服饰配件,男装,睡衣，家居服,睡裤
服装/服饰配件,男装,内衣,平脚裤
服装/服饰配件,男装,上衣，T恤,背心
服装/服饰配件,世界民族服装,穆斯林服饰,男士穆斯林长袍
服装/服饰配件,服饰配饰（男/女/儿童配件，婴儿配饰发到婴儿服装）,帽子,渔夫帽
服装/服饰配件,服饰配饰（男/女/儿童配件，婴儿配饰发到婴儿服装）,帽子,军帽
服装/服饰配件,女装,睡衣，家居服,普通睡裙
服装/服饰配件,服饰配饰（男/女/儿童配件，婴儿配饰发到婴儿服装）,帽子,太阳帽
服装/服饰配件,女装,上衣，T恤,背心，吊带
服装/服饰配件,新奇特及特殊用途服装,情趣服装（不要发布日常穿着的性感内衣）,性感睡裙（短、露、透）
服装/服饰配件,女装,睡衣，家居服,睡裤
服装/服饰配件,新奇特及特殊用途服装,情趣服装（不要发布日常穿着的性感内衣）,袜子
服装/服饰配件,男装,西服,正装西服外套
服装/服饰配件,男装,泳衣/沙滩服,平角泳裤
服装/服饰配件,男装,泳衣/沙滩服,三角泳裤
服装/服饰配件,女装,休闲西装/正装西服,单件西装
服装/服饰配件,女装,外套/大衣,外套背心/马甲
服装/服饰配件,男装,西服,西装马甲
服装/服饰配件,女装,外套/大衣,夹克/短外套
服装/服饰配件,男装,西服,西装长裤
服装/服饰配件,新奇特及特殊用途服装,工作服/制服（不要发布cosplay/情趣制服）,军装
服装/服饰配件,世界民族服装,穆斯林服饰,穆斯林套装
服装/服饰配件,男装,外套/大衣,外套背心
服装/服饰配件,男装,外套/大衣,夹克
服装/服饰配件,男装,睡衣，家居服,睡袍
服装/服饰配件,男装,睡衣，家居服,睡衣
服装/服饰配件,世界民族服装,穆斯林服饰,祷告装
服装/服饰配件,扮演服及配件（不要发布情趣制服）,动漫配件,面具和眼镜
服装/服饰配件,扮演服及配件（不要发布情趣制服）,动漫配件,长筒袜，连裤袜和短袜
服装/服饰配件,世界民族服装,穆斯林服饰,女士长袍
服装/服饰配件,世界民族服装,穆斯林服饰,女士头巾
服装/服饰配件,女装,外套/大衣,风衣
服装/服饰配件,女装,外套/大衣,皮衣
服装/服饰配件,新奇特及特殊用途服装,工作服/制服（不要发布cosplay/情趣制服）,厨师服装
服装/服饰配件,男装,西服,休闲西服
服装/服饰配件,扮演服及配件（不要发布情趣制服）,动漫配件,领带
服装/服饰配件,扮演服及配件（不要发布情趣制服）,动漫配件,手套
服装/服饰配件,新奇特及特殊用途服装,舞台表演服和舞蹈服,弗拉门科舞服
服装/服饰配件,世界民族服装,传统中国服装,长袍
服装/服饰配件,新奇特及特殊用途服装,舞台表演服和舞蹈服,肚皮舞服
服装/服饰配件,新奇特及特殊用途服装,舞台表演服和舞蹈服,芭蕾舞服
服装/服饰配件,世界民族服装,传统中国服装,中式服装套装
服装/服饰配件,世界民族服装,传统中国服装,中式上衣
服装/服饰配件,扮演服及配件（不要发布情趣制服）,动漫服饰,服装
玩具,娃娃/填充及毛绒玩具,填充动物/毛绒玩具,手偶
玩具,经典玩具,过家家玩具,仿真维修工具玩具
玩具,娃娃/填充及毛绒玩具,人形娃娃及配件,娃娃配件
玩具,经典玩具,过家家玩具,仿真厨房类玩具
玩具,户外玩具,可骑乘玩具,可骑乘玩具车
玩具,娃娃/填充及毛绒玩具,填充动物/毛绒玩具,毛绒背包
玩具,益智玩具,读物,布书
玩具,娃娃/填充及毛绒玩具,填充动物/毛绒玩具,填充/毛绒动物
工具,仪器仪表,电工仪器仪表,电压测量仪表
工具,仪器仪表,电工仪器仪表,电池测试器
工具,仪器仪表,流量测量仪器,水表
工具,仪器仪表,量具,卷尺
工具,仪器仪表,量具,游标卡尺
工具,仪器仪表,光学仪器,激光水平仪
工具,仪器仪表,光学仪器,放大镜
工具,仪器仪表,电工仪器仪表,电能仪表
工具,仪器仪表,电工仪器仪表,频率测量仪表
工具,仪器仪表,光学仪器,望远镜
工具,仪器仪表,分析仪器,PH计
工具,仪器仪表,压力测量仪器,压力监控器
工具,仪器仪表,光学仪器,激光测距仪
工具,仪器仪表,电子测量仪器,信号发生器
工具,仪器仪表,电子测量仪器,金属探测仪
工具,仪器仪表,物理量测量仪器,高度测量仪器
工具,仪器仪表,电子测量仪器,示波器
工具,仪器仪表,物理量测量仪器,厚度测量仪器
工具,仪器仪表,物理量测量仪器,速度测量仪器
工具,仪器仪表,压力测量仪器,压力表/压力计
工具,仪器仪表,流量测量仪器,流量传感器
工具,仪器仪表,流量测量仪器,流量计
珠宝饰品及配件,精品珠宝,耳饰,耳圈
珠宝饰品及配件,流行饰品,耳饰,耳夹
珠宝饰品及配件,流行饰品,耳饰,耳圈
珠宝饰品及配件,流行饰品,耳饰,耳钉
电话和通讯,手机配件和零件,sim卡和配件,Sim卡读卡器和备份器
电话和通讯,手机配件和零件,sim卡和配件,micro Sim 剪卡器
电话和通讯,手机配件和零件,sim卡和配件,sim卡附件和工具套装
家居用品,园艺用品,肥料,复合肥
家居用品,家居日用品,打火机和烟具,火柴
家居用品,宠物用品,养猫用品,猫美容用品
家居用品,家庭清洁用具及附件,家用日化产品,蜡和上光剂
家居用品,宠物用品,养猫用品,猫马甲/背心
家居用品,园艺用品,花园灌溉用品,园林灌溉计时器
家居用品,手工艺品&缝纫用品（半成品）,家居手工缝纫用品,缝纫工具及附件
家居用品,家庭清洁用具及附件,洗衣产品,烫衣板
家居用品,园艺用品,花盆与种植,育苗托盘和盖子
家居用品,园艺用品,园林工具,中耕工具
家居用品,宠物用品,养猫用品,猫项圈和牵引
家居用品,手工艺品&缝纫用品（半成品）,服装缝纫用品及面料,裁缝剪
家居用品,宠物用品,养猫用品,角色扮演服
家居用品,厨房吧台用品,烹调工具,点火器
家居用品,家庭清洁用具及附件,家用日化产品,管道疏通剂
家居用品,家装,龙头，阀门,厨房龙头附件
家居用品,园艺用品,花盆与种植,盆栽
家居用品,厨房吧台用品,烹调工具,海鲜工具
家居用品,家庭装饰品,家居装饰工艺品,石头工艺品
家居用品,宠物用品,鱼和水生生物用品,二氧化碳和臭氧设备
家居用品,宠物用品,养猫用品,猫羽绒服/棉服
家居用品,宠物用品,家畜家禽类用品,家禽家畜笼子和附件
家居用品,宠物用品,鱼和水生生物用品,喂食/水器
家居用品,宠物用品,养狗用品,狗大衣/夹克
家居用品,厨房吧台用品,桌面装饰品及附件,牙签
家居用品,宠物用品,鱼和水生生物用品,鱼缸清洁工具
家居用品,宠物用品,鱼和水生生物用品,空气泵及附件
家居用品,家居日用品,防尘保护罩,遥控器套
家居用品,家居日用品,打火机和烟具,香烟配件
家居用品,宠物用品,鱼和水生生物用品,过滤器及附件
家居用品,宠物用品,鱼和水生生物用品,控温器材
家居用品,宠物用品,家畜家禽类用品,家禽喂养用品
家居用品,宠物用品,养狗用品,狗纪念品
家居用品,宠物用品,养狗用品,电推子
家居用品,手工艺品&缝纫用品（半成品）,服装缝纫用品及面料,服装用气眼
家居用品,手工艺品&缝纫用品（半成品）,剪贴簿及印章,印章
家居用品,厨房吧台用品,厨房刀具及附件,磨刀器
家居用品,园艺用品,花园灌溉用品,园林水连接件
家居用品,宠物用品,昆虫用品,其它
家居用品,厨房吧台用品,烹调工具,鸡蛋工具
家居用品,宠物用品,鱼和水生生物用品,水族箱/鱼缸
家居用品,厨房吧台用品,烧烤用品,烧烤工具
家居用品,园艺用品,花园灌溉用品,灌溉套装
家居用品,厨房吧台用品,烹调工具,肉类工具
家居用品,厨房吧台用品,烹调工具,滤网
家居用品,厨房吧台用品,烘培用具,烘培与面点工具
家居用品,家庭装饰品,钟,钟的零部件和附件
家居用品,厨房吧台用品,烧烤用品,烧烤附件
家居用品,厨房吧台用品,饮具,水瓶和水壶
家居用品,厨房吧台用品,烹调工具,乳酪工具
家居用品,宠物用品,养狗用品,狗指甲钳
家居用品,宠物用品,养狗用品,狗短裤
家居用品,园艺用品,花园灌溉用品,园林水管和水管车
家居用品,宠物用品,养鸟用品,水杯/水瓶
家居用品,家居日用品,保暖用品,热水袋
家居用品,手工艺品&缝纫用品（半成品）,服装缝纫用品及面料,标签枪
家居用品,厨房吧台用品,烹调工具,咖啡和茶工具
家居用品,手工艺品&缝纫用品（半成品）,服装缝纫用品及面料,缝纫针
家居用品,厨房吧台用品,炊具,炊具部件
家居用品,手工艺品&缝纫用品（半成品）,服装缝纫用品及面料,粘扣带
家居用品,宠物用品,养鸟用品,鸟玩具
家居用品,厨房吧台用品,烘培用具,擀面杖和面板
家居用品,家用储存收藏用具,洗衣收纳用品,"洗衣袋,洗衣篮"
家居用品,家装,龙头，阀门,起泡器
家居用品,宠物用品,养狗用品,狗训练用品
家居用品,宠物用品,养狗用品,狗鞋
家居用品,宠物用品,养狗用品,狗梳子
家居用品,园艺用品,花园灌溉用品,园林水枪
家居用品,厨房吧台用品,餐具,调羹(婴儿用的请发布到婴儿喂养匙下）
家居用品,家用储存收藏用具,厨房收纳用品,袋夹
家居用品,园艺用品,园林工具,修剪工具
家居用品,宠物用品,养狗用品,狗喂食/喂水用品
家居用品,厨房吧台用品,炊具,蒸格
家居用品,家用储存收藏用具,厨房收纳用品,保鲜膜 &保鲜袋
家居用品,宠物用品,养狗用品,狗背心
家居用品,厨房吧台用品,厨房刀具及附件,刀架和卷袋
家居用品,宠物用品,养狗用品,毛发剪
家居用品,家庭清洁用具及附件,家用日化产品,除臭剂
家居用品,手工艺品&缝纫用品（半成品）,服装缝纫用品及面料,纤维
家居用品,家庭装饰品,蜡烛及烛台,蜡烛
家居用品,厨房吧台用品,酒吧酒具,酒吧工具
家居用品,家庭装饰品,家居装饰工艺品,纸工艺品
家居用品,宠物用品,养狗用品,狗玩具
家居用品,手工艺品&缝纫用品（半成品）,服装缝纫用品及面料,其他缝纫用品
家居用品,宠物用品,养狗用品,狗帽子
家居用品,家庭装饰品,家居装饰工艺品,粘土工艺品
家居用品,手工艺品&缝纫用品（半成品）,服装缝纫用品及面料,服装用铆钉
家居用品,家用储存收藏用具,洗衣收纳用品,晾衣架
家居用品,园艺用品,园林工具,园林工具组合套装
家居用品,手工艺品&缝纫用品（半成品）,服装缝纫用品及面料,服装用夹子
家居用品,手工艺品&缝纫用品（半成品）,服装缝纫用品及面料,缝纫机
家居用品,家庭装饰品,家居装饰工艺品,编结工艺品
家居用品,家庭装饰品,钟,闹钟
家居用品,家居日用品,雨具,伞架
家居用品,家居日用品,雨具,雨衣
家居用品,厨房吧台用品,饮具,水罐
家居用品,厨房吧台用品,餐具,筷子
家居用品,手工艺品&缝纫用品（半成品）,服装缝纫用品及面料,缝纫线
家居用品,手工艺品&缝纫用品（半成品）,服装缝纫用品及面料,夹层及衬里
家居用品,园艺用品,园林工具,叉
家居用品,手工艺品&缝纫用品（半成品）,服装缝纫用品及面料,线
家居用品,手工艺品&缝纫用品（半成品）,服装缝纫用品及面料,纱
家居用品,家庭装饰品,钟,数字和模拟钟
家居用品,手工艺品&缝纫用品（半成品）,家居手工缝纫用品,刺绣
家居用品,厨房吧台用品,餐具,餐具套装
家居用品,手工艺品&缝纫用品（半成品）,服装缝纫用品及面料,拉链
家居用品,厨房吧台用品,餐具,餐叉
家居用品,厨房吧台用品,饮具,保温瓶和热水瓶
家居用品,手工艺品&缝纫用品（半成品）,服装缝纫用品及面料,绳子
家居用品,手工艺品&缝纫用品（半成品）,服装缝纫用品及面料,纽扣
家居用品,厨房吧台用品,炊具,西式平底锅
家居用品,厨房吧台用品,饮具,酒壶
家居用品,园艺用品,园林工具,链锯(油锯)
家居用品,家装,卫浴五金件,置物架
家居用品,园艺用品,园林建筑及装饰,花园暖房
家居用品,家庭装饰品,家居装饰工艺品,树脂工艺品
家居用品,手工艺品&缝纫用品（半成品）,服装缝纫用品及面料,服装用贴补片
家居用品,手工艺品&缝纫用品（半成品）,服装缝纫用品及面料,烫钻
家居用品,手工艺品&缝纫用品（半成品）,服装缝纫用品及面料,肩垫
家居用品,手工艺品&缝纫用品（半成品）,服装缝纫用品及面料,拉练头
家居用品,收藏品,军用收藏品,徽章（真正历史军队相关产品）
家居用品,家装,龙头，阀门,花洒头
家居用品,园艺用品,园林建筑及装饰,其它园林建筑
家居用品,家庭装饰品,家居装饰工艺品,木制工艺品
家居用品,手工艺品&缝纫用品（半成品）,服装缝纫用品及面料,徽章
家居用品,家装,龙头，阀门,浴室龙头附件
家居用品,手工艺品&缝纫用品（半成品）,服装缝纫用品及面料,服装用标签
家居用品,家装,卫浴五金件,马桶刷
家居用品,家装,卫浴五金件,衣挂钩
家居用品,家庭装饰品,家居装饰工艺品,天然工艺品
家居用品,家庭装饰品,钟,"座钟,台钟"
家居用品,家装,卫浴五金件,卫浴五金套件
家居用品,园艺用品,园林工具,园艺挖掘工具
家居用品,家用储存收藏用具,衣物收纳,鞋架
家居用品,厨房吧台用品,桌面装饰品及附件,纸巾盒
家居用品,家装,卫浴五金件,扶杆
家居用品,厨房吧台用品,桌面装饰品及附件,餐具垫
家居用品,手工艺品&缝纫用品（半成品）,服装缝纫用品及面料,真皮
家居用品,家庭装饰品,家居装饰工艺品,雕像及雕塑
家居用品,家庭装饰品,家居装饰工艺品,石头工艺品
家居用品,手工艺品&缝纫用品（半成品）,服装缝纫用品及面料,流苏
家居用品,手工艺品&缝纫用品（半成品）,服装缝纫用品及面料,吊钟 / 卡扣
家居用品,家装,卫浴五金件,纸巾架
家居用品,园艺用品,园林建筑及装饰,"栅栏,格架和门"
家居用品,手工艺品&缝纫用品（半成品）,服装缝纫用品及面料,织带
家居用品,手工艺品&缝纫用品（半成品）,服装缝纫用品及面料,扣环、挂钩
家居用品,家庭装饰品,家居装饰工艺品,小摆件及微型模型
家居用品,家装,龙头，阀门,龙头阀芯
家居用品,家装,卫浴五金件,浴室镜
家居用品,家装,龙头，阀门,水嘴
家居用品,园艺用品,园林工具,园林劳动手套
家居用品,家装,龙头，阀门,其它龙头附件
家居用品,园艺用品,园林工具,清洁工具
家居用品,家庭装饰品,家居装饰工艺品,玻璃工艺品
家居用品,园艺用品,遮阳用品,遮阳用品附件
家居用品,家庭装饰品,家居装饰工艺品,竹工艺品
家居用品,家庭装饰品,家居装饰工艺品,塑料工艺品
家居用品,家装,龙头，阀门,妇洗器龙头
家居用品,园艺用品,园林工具,割草机
家居用品,家装,龙头，阀门,厨房龙头
家居用品,家庭装饰品,家居装饰工艺品,皮革工艺品
家居用品,园艺用品,园林建筑及装饰,花园装饰品
家居用品,园艺用品,遮阳用品,遮阳棚
