家具和室内装饰品,儿童家具,-,-
家具和室内装饰品,儿童家具,儿童床,-
家具和室内装饰品,儿童家具,儿童柜,-
家具和室内装饰品,儿童家具,儿童椅,-
家具和室内装饰品,儿童家具,儿童家具套装,-
家具和室内装饰品,儿童家具,儿童桌,-
家具和室内装饰品,儿童家具,其它儿童家具,-
家具和室内装饰品,商用家具,-,-
家具和室内装饰品,商用家具,酒吧家具,-
家具和室内装饰品,商用家具,酒吧家具,吧椅
家具和室内装饰品,商用家具,酒吧家具,酒吧家具套装
家具和室内装饰品,商用家具,酒吧家具,酒吧凳
家具和室内装饰品,商用家具,酒吧家具,酒吧桌
家具和室内装饰品,商用家具,酒吧家具,其它酒吧家具
家具和室内装饰品,商用家具,酒店家具,-
家具和室内装饰品,商用家具,酒店家具,酒店卧室家具套装
家具和室内装饰品,商用家具,酒店家具,酒店床
家具和室内装饰品,商用家具,酒店家具,酒店椅
家具和室内装饰品,商用家具,酒店家具,酒店沙发
家具和室内装饰品,商用家具,酒店家具,酒店推车
家具和室内装饰品,商用家具,酒店家具,行李架
家具和室内装饰品,商用家具,酒店家具,其它酒店家具
家具和室内装饰品,商用家具,实验室家具,-
家具和室内装饰品,商用家具,图书馆家具,-
家具和室内装饰品,商用家具,其它商用家具,-
家具和室内装饰品,商用家具,饭店家具，餐馆家具,-
家具和室内装饰品,商用家具,饭店家具，餐馆家具,其它饭店家具
家具和室内装饰品,商用家具,饭店家具，餐馆家具,饭店椅
家具和室内装饰品,商用家具,饭店家具，餐馆家具,饭店家具套装
家具和室内装饰品,商用家具,饭店家具，餐馆家具,饭店桌
家具和室内装饰品,商用家具,沙龙家具,-
家具和室内装饰品,商用家具,沙龙家具,理发椅
家具和室内装饰品,商用家具,沙龙家具,按摩桌，按摩床
家具和室内装饰品,商用家具,沙龙家具,指甲桌
家具和室内装饰品,商用家具,沙龙家具,其它沙龙家具
家具和室内装饰品,商用家具,沙龙家具,沙龙推车
家具和室内装饰品,商用家具,沙龙家具,洗发椅
家具和室内装饰品,商用家具,学校家具,-
家具和室内装饰品,商用家具,学校家具,宿舍床
家具和室内装饰品,商用家具,学校家具,其它学校家具
家具和室内装饰品,商用家具,学校家具,学校椅子
家具和室内装饰品,商用家具,学校家具,学校桌
家具和室内装饰品,商用家具,学校家具,学校桌椅套装
家具和室内装饰品,商用家具,影剧院礼堂家具,-
家具和室内装饰品,商用家具,等待坐椅,-
家具和室内装饰品,家具附件,-,-
家具和室内装饰品,家具部件,-,-
家具和室内装饰品,家具部件,（坐具类）机械伸展装置,-
家具和室内装饰品,家具部件,家具构架,-
家具和室内装饰品,家具部件,家具腿脚,-
家具和室内装饰品,家具部件,其它家具部件,-
家具和室内装饰品,家具部件,转盘,-
家具和室内装饰品,家用，民用家具,-,-
家具和室内装饰品,家用，民用家具,浴室家具,-
家具和室内装饰品,家用，民用家具,浴室家具,其它浴室家具
家具和室内装饰品,家用，民用家具,卧室家具,-
家具和室内装饰品,家用，民用家具,卧室家具,卧室套装
家具和室内装饰品,家用，民用家具,卧室家具,床
家具和室内装饰品,家用，民用家具,卧室家具,梳妆台
家具和室内装饰品,家用，民用家具,卧室家具,床垫
家具和室内装饰品,家用，民用家具,卧室家具,床头柜
家具和室内装饰品,家用，民用家具,卧室家具,其它卧室家具
家具和室内装饰品,家用，民用家具,卧室家具,"衣柜,衣橱"
家具和室内装饰品,家用，民用家具,餐厅家具,-
家具和室内装饰品,家用，民用家具,餐厅家具,餐椅
家具和室内装饰品,家用，民用家具,餐厅家具,餐厅套装
家具和室内装饰品,家用，民用家具,餐厅家具,餐桌
家具和室内装饰品,家用，民用家具,餐厅家具,其它餐厅家具
家具和室内装饰品,家用，民用家具,餐厅家具,餐具柜
家具和室内装饰品,家用，民用家具,厨房家具,-
家具和室内装饰品,家用，民用家具,客厅家具,-
家具和室内装饰品,家用，民用家具,客厅家具,书柜，书架
家具和室内装饰品,家用，民用家具,客厅家具,CD架
家具和室内装饰品,家用，民用家具,客厅家具,躺椅
家具和室内装饰品,家用，民用家具,客厅家具,衣帽架
家具和室内装饰品,家用，民用家具,客厅家具,茶几，小边桌
家具和室内装饰品,家用，民用家具,客厅家具,角桌
家具和室内装饰品,家用，民用家具,客厅家具,客厅柜子
家具和室内装饰品,家用，民用家具,客厅家具,客厅椅
家具和室内装饰品,家用，民用家具,客厅家具,客厅套装
家具和室内装饰品,家用，民用家具,客厅家具,客厅沙发
家具和室内装饰品,家用，民用家具,客厅家具,其它客厅家具
家具和室内装饰品,家用，民用家具,客厅家具,鞋架，鞋柜
家具和室内装饰品,家用，民用家具,客厅家具,凳子，脚凳
家具和室内装饰品,家用，民用家具,客厅家具,电视柜
家具和室内装饰品,家用，民用家具,其它家用家具,-
家具和室内装饰品,其它家具,-,-
家具和室内装饰品,户外家具,-,-
家具和室内装饰品,户外家具,沙滩椅，户外椅,-
家具和室内装饰品,户外家具,花园椅,-
家具和室内装饰品,户外家具,花园套装，户外套装,-
家具和室内装饰品,户外家具,花园沙发，户外沙发,-
家具和室内装饰品,户外家具,吊床,-
家具和室内装饰品,户外家具,其它户外家具,-
家具和室内装饰品,户外家具,户外桌，花园桌，野餐桌,-
家具和室内装饰品,户外家具,户外长椅,-
家具和室内装饰品,户外家具,户外秋千,-
家具和室内装饰品,户外家具,户外伞，基座,-
家具和室内装饰品,户外家具,户外躺椅,-
家居用品,手工艺品&缝纫用品（半成品）,-,-
家居用品,手工艺品&缝纫用品（半成品）,服装缝纫用品及面料,-
家居用品,手工艺品&缝纫用品（半成品）,服装缝纫用品及面料,粘扣带
家居用品,手工艺品&缝纫用品（半成品）,服装缝纫用品及面料,徽章
家居用品,手工艺品&缝纫用品（半成品）,服装缝纫用品及面料,扣环、挂钩
家居用品,手工艺品&缝纫用品（半成品）,服装缝纫用品及面料,纽扣
家居用品,手工艺品&缝纫用品（半成品）,服装缝纫用品及面料,绳子
家居用品,手工艺品&缝纫用品（半成品）,服装缝纫用品及面料,DIY手工辅料
家居用品,手工艺品&缝纫用品（半成品）,服装缝纫用品及面料,羽绒
家居用品,手工艺品&缝纫用品（半成品）,服装缝纫用品及面料,刺绣机械
家居用品,手工艺品&缝纫用品（半成品）,服装缝纫用品及面料,面料
家居用品,手工艺品&缝纫用品（半成品）,服装缝纫用品及面料,羽毛
家居用品,手工艺品&缝纫用品（半成品）,服装缝纫用品及面料,纤维
家居用品,手工艺品&缝纫用品（半成品）,服装缝纫用品及面料,皮毛
家居用品,手工艺品&缝纫用品（半成品）,服装缝纫用品及面料,服装用散珠
家居用品,手工艺品&缝纫用品（半成品）,服装缝纫用品及面料,服装用夹子
家居用品,手工艺品&缝纫用品（半成品）,服装缝纫用品及面料,服装用气眼
家居用品,手工艺品&缝纫用品（半成品）,服装缝纫用品及面料,裙裤钩
家居用品,手工艺品&缝纫用品（半成品）,服装缝纫用品及面料,服装用标签
家居用品,手工艺品&缝纫用品（半成品）,服装缝纫用品及面料,服装用铆钉
家居用品,手工艺品&缝纫用品（半成品）,服装缝纫用品及面料,服装用挂牌
家居用品,手工艺品&缝纫用品（半成品）,服装缝纫用品及面料,真皮
家居用品,手工艺品&缝纫用品（半成品）,服装缝纫用品及面料,夹层及衬里
家居用品,手工艺品&缝纫用品（半成品）,服装缝纫用品及面料,花边
家居用品,手工艺品&缝纫用品（半成品）,服装缝纫用品及面料,服装人体模特儿
家居用品,手工艺品&缝纫用品（半成品）,服装缝纫用品及面料,其他缝纫用品
家居用品,手工艺品&缝纫用品（半成品）,服装缝纫用品及面料,其它纺织和皮革原材料
家居用品,手工艺品&缝纫用品（半成品）,服装缝纫用品及面料,包缝机
家居用品,手工艺品&缝纫用品（半成品）,服装缝纫用品及面料,服装用贴补片
家居用品,手工艺品&缝纫用品（半成品）,服装缝纫用品及面料,别针、大头针
家居用品,手工艺品&缝纫用品（半成品）,服装缝纫用品及面料,烫钻
家居用品,手工艺品&缝纫用品（半成品）,服装缝纫用品及面料,缎带 / 丝带
家居用品,手工艺品&缝纫用品（半成品）,服装缝纫用品及面料,散装亮片
家居用品,手工艺品&缝纫用品（半成品）,服装缝纫用品及面料,缝纫机
家居用品,手工艺品&缝纫用品（半成品）,服装缝纫用品及面料,缝纫针
家居用品,手工艺品&缝纫用品（半成品）,服装缝纫用品及面料,缝纫线
家居用品,手工艺品&缝纫用品（半成品）,服装缝纫用品及面料,肩垫
家居用品,手工艺品&缝纫用品（半成品）,服装缝纫用品及面料,吊钟 / 卡扣
家居用品,手工艺品&缝纫用品（半成品）,服装缝纫用品及面料,合成皮革
家居用品,手工艺品&缝纫用品（半成品）,服装缝纫用品及面料,标签枪
家居用品,手工艺品&缝纫用品（半成品）,服装缝纫用品及面料,裁缝剪
家居用品,手工艺品&缝纫用品（半成品）,服装缝纫用品及面料,流苏
家居用品,手工艺品&缝纫用品（半成品）,服装缝纫用品及面料,线
家居用品,手工艺品&缝纫用品（半成品）,服装缝纫用品及面料,排须
家居用品,手工艺品&缝纫用品（半成品）,服装缝纫用品及面料,织带
家居用品,手工艺品&缝纫用品（半成品）,服装缝纫用品及面料,纱
家居用品,手工艺品&缝纫用品（半成品）,服装缝纫用品及面料,拉练头
家居用品,手工艺品&缝纫用品（半成品）,服装缝纫用品及面料,拉链
家居用品,手工艺品&缝纫用品（半成品）,家居手工缝纫用品,-
家居用品,手工艺品&缝纫用品（半成品）,家居手工缝纫用品,十字绣
家居用品,手工艺品&缝纫用品（半成品）,家居手工缝纫用品,贴钻绣
家居用品,手工艺品&缝纫用品（半成品）,家居手工缝纫用品,刺绣
家居用品,手工艺品&缝纫用品（半成品）,家居手工缝纫用品,段段绣
家居用品,手工艺品&缝纫用品（半成品）,家居手工缝纫用品,缝纫工具及附件
家居用品,手工艺品&缝纫用品（半成品）,剪贴簿及印章,-
家居用品,手工艺品&缝纫用品（半成品）,剪贴簿及印章,剪贴簿护角
家居用品,手工艺品&缝纫用品（半成品）,剪贴簿及印章,印章
家居用品,浴室用品,-,-
家居用品,浴室用品,脸盆,-
家居用品,浴室用品,"浴球,浴刷,浴棉（婴儿的请发布到婴儿浴盆下）",-
家居用品,浴室用品,浴室防滑垫,-
家居用品,浴室用品,浴枕,-
家居用品,浴室用品,浴室套装,-
家居用品,浴室用品,家用秤,-
家居用品,浴室用品,浴帽（婴儿的请发布到婴儿洗头帽下）,-
家居用品,浴室用品,浴帘杆,-
家居用品,浴室用品,浴帘,-
家居用品,浴室用品,马桶吸盘,-
家居用品,浴室用品,马桶盖套,-
家居用品,浴室用品,浴盆(婴儿的请发布到婴儿浴盆下),-
家居用品,收藏品,-,-
家居用品,收藏品,纪念币,-
家居用品,收藏品,军用收藏品,-
家居用品,收藏品,军用收藏品,徽章（真正历史军队相关产品）
家居用品,收藏品,军用收藏品,奖牌和奖状（军用且有历史文化背景）
家居用品,收藏品,邮票（真正发行的邮票）,-
家居用品,节庆派对用品,-,-
家居用品,节庆派对用品,圣诞装饰,-
家居用品,节庆派对用品,"装饰花, 花环",-
家居用品,节庆派对用品,庆典派对用品,-
家居用品,节庆派对用品,其它节日用品,-
家居用品,节庆派对用品,派对面具,-
家居用品,园艺用品,-,-
家居用品,园艺用品,肥料,-
家居用品,园艺用品,肥料,生物肥
家居用品,园艺用品,肥料,复合肥
家居用品,园艺用品,肥料,氮肥
家居用品,园艺用品,肥料,有机肥
家居用品,园艺用品,肥料,磷肥
家居用品,园艺用品,肥料,观赏花卉用肥
家居用品,园艺用品,肥料,钾肥
家居用品,园艺用品,园林建筑及装饰,-
家居用品,园艺用品,园林建筑及装饰,"拱门,棚架,凉亭与桥"
家居用品,园艺用品,园林建筑及装饰,休闲屋
家居用品,园艺用品,园林建筑及装饰,"栅栏,格架和门"
家居用品,园艺用品,园林建筑及装饰,车棚
家居用品,园艺用品,园林建筑及装饰,花园暖房
家居用品,园艺用品,园林建筑及装饰,花园装饰品
家居用品,园艺用品,园林建筑及装饰,其它园林建筑
家居用品,园艺用品,园林建筑及装饰,儿童游戏房
家居用品,园艺用品,园林建筑及装饰,工具房和储物间
家居用品,园艺用品,园林建筑及装饰,度假屋
家居用品,园艺用品,花盆与种植,-
家居用品,园艺用品,花盆与种植,吊篮垫
家居用品,园艺用品,花盆与种植,盆栽
家居用品,园艺用品,花盆与种植,花盆
家居用品,园艺用品,花盆与种植,成长袋
家居用品,园艺用品,花盆与种植,吊篮
家居用品,园艺用品,花盆与种植,育苗盆
家居用品,园艺用品,花盆与种植,育苗托盘和盖子
家居用品,园艺用品,花盆与种植,种子
家居用品,园艺用品,花盆与种植,花盆托盘
家居用品,园艺用品,园林工具,-
家居用品,园艺用品,园林工具,链锯(油锯)
家居用品,园艺用品,园林工具,清洁工具
家居用品,园艺用品,园林工具,园林工具组合套装
家居用品,园艺用品,园林工具,园艺挖掘工具
家居用品,园艺用品,园林工具,叉
家居用品,园艺用品,园林工具,园林鼓风机和吸尘器
家居用品,园艺用品,园林工具,中耕工具
家居用品,园艺用品,园林工具,园林粉碎机
家居用品,园艺用品,园林工具,园林劳动手套
家居用品,园艺用品,园林工具,割灌机(打草机)
家居用品,园艺用品,园林工具,绿篱机
家居用品,园艺用品,园林工具,锄头
家居用品,园艺用品,园林工具,割草机
家居用品,园艺用品,园林工具,镐
家居用品,园艺用品,园林工具,修剪工具
家居用品,园艺用品,园林工具,耙
家居用品,园艺用品,园林工具,镰刀
家居用品,园艺用品,园林工具,锹、铲
家居用品,园艺用品,园林工具,镘
家居用品,园艺用品,温室,-
家居用品,园艺用品,家用温度计（婴儿用的请发布到婴儿体温计或水温计下）,-
家居用品,园艺用品,邮箱,-
家居用品,园艺用品,户外取暖用品,-
家居用品,园艺用品,户外取暖用品,户外暖炉
家居用品,园艺用品,户外取暖用品,火盆
家居用品,园艺用品,户外取暖用品,庭院取暖器
家居用品,园艺用品,虫害防治,-
家居用品,园艺用品,遮阳用品,-
家居用品,园艺用品,遮阳用品,遮阳篷
家居用品,园艺用品,遮阳用品,遮阳棚
家居用品,园艺用品,遮阳用品,遮阳用品附件
家居用品,园艺用品,遮阳用品,遮阳布
家居用品,园艺用品,花园灌溉用品,-
家居用品,园艺用品,花园灌溉用品,园林水管和水管车
家居用品,园艺用品,花园灌溉用品,园林洒水装置
家居用品,园艺用品,花园灌溉用品,园林水连接件
家居用品,园艺用品,花园灌溉用品,园林水枪
家居用品,园艺用品,花园灌溉用品,园林灌溉计时器
家居用品,园艺用品,花园灌溉用品,喷雾器
家居用品,园艺用品,花园灌溉用品,洒水壶
家居用品,园艺用品,花园灌溉用品,灌溉套装
家居用品,家庭装饰品,-,-
家居用品,家庭装饰品,百叶帘和帘子,-
家居用品,家庭装饰品,蜡烛及烛台,-
家居用品,家庭装饰品,蜡烛及烛台,蜡烛配件
家居用品,家庭装饰品,蜡烛及烛台,烛台
家居用品,家庭装饰品,蜡烛及烛台,蜡烛
家居用品,家庭装饰品,钟,-
家居用品,家庭装饰品,钟,闹钟
家居用品,家庭装饰品,钟,仿古工艺钟
家居用品,家庭装饰品,钟,钟的零部件和附件
家居用品,家庭装饰品,钟,"座钟,台钟"
家居用品,家庭装饰品,钟,数字和模拟钟
家居用品,家庭装饰品,钟,落地钟
家居用品,家庭装饰品,钟,沙漏
家居用品,家庭装饰品,钟,机械钟
家居用品,家庭装饰品,钟,特殊用钟
家居用品,家庭装饰品,钟,壁挂钟
家居用品,家庭装饰品,水晶泥,-
家居用品,家庭装饰品,"窗杆,窗轨与附件",-
家居用品,家庭装饰品,家居装饰工艺品,-
家居用品,家庭装饰品,家居装饰工艺品,竹工艺品
家居用品,家庭装饰品,家居装饰工艺品,装饰瓶、罐、盒
家居用品,家庭装饰品,家居装饰工艺品,装饰碗、盘
家居用品,家庭装饰品,家居装饰工艺品,粘土工艺品
家居用品,家庭装饰品,家居装饰工艺品,装饰硬币
家居用品,家庭装饰品,家居装饰工艺品,水晶工艺品
家居用品,家庭装饰品,家居装饰工艺品,小摆件及微型模型
家居用品,家庭装饰品,家居装饰工艺品,玻璃工艺品
家居用品,家庭装饰品,家居装饰工艺品,金纸币
家居用品,家庭装饰品,家居装饰工艺品,漆器工艺品
家居用品,家庭装饰品,家居装饰工艺品,皮革工艺品
家居用品,家庭装饰品,家居装饰工艺品,金属工艺品
家居用品,家庭装饰品,家居装饰工艺品,天然工艺品
家居用品,家庭装饰品,家居装饰工艺品,纸工艺品
家居用品,家庭装饰品,家居装饰工艺品,饰针及徽章
家居用品,家庭装饰品,家居装饰工艺品,塑料工艺品
家居用品,家庭装饰品,家居装饰工艺品,"陶瓷,珐琅"
家居用品,家庭装饰品,家居装饰工艺品,树脂工艺品
家居用品,家庭装饰品,家居装饰工艺品,宝石工艺品
家居用品,家庭装饰品,家居装饰工艺品,贝壳、海星
家居用品,家庭装饰品,家居装饰工艺品,雕像及雕塑
家居用品,家庭装饰品,家居装饰工艺品,石头工艺品
家居用品,家庭装饰品,家居装饰工艺品,石头工艺品
家居用品,家庭装饰品,家居装饰工艺品,装饰刀、剑
家居用品,家庭装饰品,家居装饰工艺品,纺织工艺品
家居用品,家庭装饰品,家居装饰工艺品,编结工艺品
家居用品,家庭装饰品,家居装饰工艺品,风铃及挂饰
家居用品,家庭装饰品,家居装饰工艺品,木制工艺品
家居用品,家庭装饰品,装饰贴膜,-
家居用品,家庭装饰品,壁炉用具,-
家居用品,家庭装饰品,"旗帜,横幅",-
家居用品,家庭装饰品,"画框,相框,镜框等",-
家居用品,家庭装饰品,冰箱贴,-
家居用品,家庭装饰品,熏香,-
家居用品,家庭装饰品,熏香炉,-
家居用品,家庭装饰品,镜子,-
家居用品,家庭装饰品,储蓄罐,-
家居用品,家庭装饰品,音乐盒,-
家居用品,家庭装饰品,其它礼品工艺品,-
家居用品,家庭装饰品,书法绘画,-
家居用品,家庭装饰品,相册,-
家居用品,家庭装饰品,装饰牌、板,-
家居用品,家庭装饰品,屏风和隔断,-
家居用品,家庭装饰品,花瓶,-
家居用品,家庭装饰品,墙贴,-
家居用品,家用储存收藏用具,-,-
家居用品,家用储存收藏用具,衣物收纳,-
家居用品,家用储存收藏用具,衣物收纳,内衣收纳盒
家居用品,家用储存收藏用具,衣物收纳,衣物、被子收纳袋
家居用品,家用储存收藏用具,衣物收纳,衣挂
家居用品,家用储存收藏用具,衣物收纳,收纳挂袋
家居用品,家用储存收藏用具,衣物收纳,鞋架
家居用品,家用储存收藏用具,家用办公收纳用品,-
家居用品,家用储存收藏用具,钩子和栏杆,-
家居用品,家用储存收藏用具,厨房收纳用品,-
家居用品,家用储存收藏用具,厨房收纳用品,袋夹
家居用品,家用储存收藏用具,厨房收纳用品,收纳袋、筐
家居用品,家用储存收藏用具,厨房收纳用品,收纳瓶、罐、盒
家居用品,家用储存收藏用具,厨房收纳用品,收纳架
家居用品,家用储存收藏用具,厨房收纳用品,保鲜膜 &保鲜袋
家居用品,家用储存收藏用具,厨房收纳用品,收纳托盘
家居用品,家用储存收藏用具,洗衣收纳用品,-
家居用品,家用储存收藏用具,洗衣收纳用品,衣夹
家居用品,家用储存收藏用具,洗衣收纳用品,晾衣绳
家居用品,家用储存收藏用具,洗衣收纳用品,晾衣架
家居用品,家用储存收藏用具,洗衣收纳用品,"洗衣袋,洗衣篮"
家居用品,家用储存收藏用具,收纳包,-
家居用品,家用储存收藏用具,收纳篮,-
家居用品,家用储存收藏用具,收纳瓶和收纳罐,-
家居用品,家用储存收藏用具,收纳盒和收纳箱（有关婴儿食品储存的请发布到婴儿食品存储盒下）,-
家居用品,家用储存收藏用具,收纳抽屉,-
家居用品,家用储存收藏用具,收纳架,-
家居用品,家纺成品,-,-
家居用品,家纺成品,床裙,-
家居用品,家纺成品,床上成套纺织用品（婴儿用的请发布到婴儿床上套件）,-
家居用品,家纺成品,床罩,-
家居用品,家纺成品,毯子（婴儿用的请发布到婴儿毛毯/裹毯下）,-
家居用品,家纺成品,地毯,-
家居用品,家纺成品,椅套,-
家居用品,家纺成品,胖被子,-
家居用品,家纺成品,窗帘,-
家居用品,家纺成品,坐垫/靠垫,-
家居用品,家纺成品,垫套,-
家居用品,家纺成品,门窗纱,-
家居用品,家纺成品,被套,-
家居用品,家纺成品,手帕,-
家居用品,家纺成品,地垫,-
家居用品,家纺成品,床垫套,-
家居用品,家纺成品,蚊帐,-
家居用品,家纺成品,其它家纺用品,-
家居用品,家纺成品,枕头（婴儿用的请发布到婴儿枕头下）,-
家居用品,家纺成品,枕套（婴儿用的请发布到婴儿枕套下）,-
家居用品,家纺成品,绗缝被,-
家居用品,家纺成品,小地毯,-
家居用品,家纺成品,椅子飘带,-
家居用品,家纺成品,床单（婴儿用的请发布到婴儿床单下）,-
家居用品,家纺成品,沙发套,-
家居用品,家纺成品,桌布,-
家居用品,家纺成品,餐巾,-
家居用品,家纺成品,桌旗,-
家居用品,家纺成品,桌裙,-
家居用品,家纺成品,挂毯,-
家居用品,家纺成品,盖毯,-
家居用品,家纺成品,毛巾/浴巾（婴儿用的请发布到婴儿毛巾下）,-
家居用品,家纺成品,短帷幕,-
家居用品,家装,-,-
家居用品,家装,卫浴五金件,-
家居用品,家装,卫浴五金件,卫浴五金套件
家居用品,家装,卫浴五金件,浴室镜
家居用品,家装,卫浴五金件,置物架
家居用品,家装,卫浴五金件,杯架
家居用品,家装,卫浴五金件,扶杆
家居用品,家装,卫浴五金件,皂液器
家居用品,家装,卫浴五金件,纸巾架
家居用品,家装,卫浴五金件,衣挂钩
家居用品,家装,卫浴五金件,皂碟
家居用品,家装,卫浴五金件,马桶刷
家居用品,家装,卫浴五金件,毛巾杆
家居用品,家装,卫浴五金件,毛巾架
家居用品,家装,卫浴五金件,毛巾环
家居用品,家装,龙头，阀门,-
家居用品,家装,龙头，阀门,起泡器
家居用品,家装,龙头，阀门,台盆龙头
家居用品,家装,龙头，阀门,浴缸淋浴龙头
家居用品,家装,龙头，阀门,浴室龙头附件
家居用品,家装,龙头，阀门,水嘴
家居用品,家装,龙头，阀门,妇洗器龙头
家居用品,家装,龙头，阀门,龙头阀芯
家居用品,家装,龙头，阀门,厨房龙头附件
家居用品,家装,龙头，阀门,厨房龙头
家居用品,家装,龙头，阀门,其它龙头附件
家居用品,家装,龙头，阀门,花洒头
家居用品,家装,墙纸,-
家居用品,家庭清洁用具及附件,-,-
家居用品,家庭清洁用具及附件,围裙,-
家居用品,家庭清洁用具及附件,扫帚和畚箕,-
家居用品,家庭清洁用具及附件,桶,-
家居用品,家庭清洁用具及附件,清洁刷,-
家居用品,家庭清洁用具及附件,清洁布,-
家居用品,家庭清洁用具及附件,掸子,-
家居用品,家庭清洁用具及附件,家用日化产品,-
家居用品,家庭清洁用具及附件,家用日化产品,空气清新剂
家居用品,家庭清洁用具及附件,家用日化产品,洗涤剂
家居用品,家庭清洁用具及附件,家用日化产品,管道疏通剂
家居用品,家庭清洁用具及附件,家用日化产品,除臭剂
家居用品,家庭清洁用具及附件,家用日化产品,蜡和上光剂
家居用品,家庭清洁用具及附件,家用手套,-
家居用品,家庭清洁用具及附件,洗衣产品,-
家居用品,家庭清洁用具及附件,洗衣产品,烫衣板
家居用品,家庭清洁用具及附件,洗衣产品,"洗衣球,洗衣片"
家居用品,家庭清洁用具及附件,洗衣产品,板刷
家居用品,家庭清洁用具及附件,洗衣产品,洗衣板
家居用品,家庭清洁用具及附件,毛球修剪器,-
家居用品,家庭清洁用具及附件,滚筒式黏毛棒和刷,-
家居用品,家庭清洁用具及附件,拖把,-
家居用品,家庭清洁用具及附件,袖套,-
家居用品,家庭清洁用具及附件,鞋刷,-
家居用品,家庭清洁用具及附件,"擦洗用垫,清洁球和海绵",-
家居用品,家庭清洁用具及附件,橡胶清洁刮刀,-
家居用品,家庭清洁用具及附件,垃圾桶,-
家居用品,家居日用品,-,-
家居用品,家居日用品,防尘保护罩,-
家居用品,家居日用品,防尘保护罩,空调罩
家居用品,家居日用品,防尘保护罩,万能盖巾
家居用品,家居日用品,防尘保护罩,衣物防尘罩
家居用品,家居日用品,防尘保护罩,电脑罩
家居用品,家居日用品,防尘保护罩,门把手套
家居用品,家居日用品,防尘保护罩,电扇罩
家居用品,家居日用品,防尘保护罩,微波炉罩
家居用品,家居日用品,防尘保护罩,钢琴罩
家居用品,家居日用品,防尘保护罩,遥控器套
家居用品,家居日用品,防尘保护罩,鞋靴收纳罩/防尘罩
家居用品,家居日用品,防尘保护罩,开关套
家居用品,家居日用品,防尘保护罩,电视机罩
家居用品,家居日用品,防尘保护罩,电话罩
家居用品,家居日用品,防尘保护罩,洗衣机罩
家居用品,家居日用品,防尘保护罩,饮水机罩
家居用品,家居日用品,防尘保护罩,酒瓶套
家居用品,家居日用品,打火机和烟具,-
家居用品,家居日用品,打火机和烟具,烟灰缸
家居用品,家居日用品,打火机和烟具,雪茄配件
家居用品,家居日用品,打火机和烟具,香烟配件
家居用品,家居日用品,打火机和烟具,打火机
家居用品,家居日用品,打火机和烟具,火柴
家居用品,家居日用品,打火机和烟具,水烟斗及配件
家居用品,家居日用品,打火机和烟具,旱烟斗及配件
家居用品,家居日用品,雨具,-
家居用品,家居日用品,雨具,雨罩
家居用品,家居日用品,雨具,雨衣
家居用品,家居日用品,雨具,雨具配件
家居用品,家居日用品,雨具,伞架
家居用品,家居日用品,雨具,雨伞
家居用品,家居日用品,保暖用品,-
家居用品,家居日用品,保暖用品,电热毯
家居用品,家居日用品,保暖用品,电热垫
家居用品,家居日用品,保暖用品,热水袋
家居用品,家居日用品,保暖用品,暖手炉
家居用品,家居日用品,保暖用品,发热贴
家居用品,厨房吧台用品,-,-
家居用品,厨房吧台用品,烧烤用品,-
家居用品,厨房吧台用品,烧烤用品,烧烤附件
家居用品,厨房吧台用品,烧烤用品,烧烤炉
家居用品,厨房吧台用品,烧烤用品,烧烤工具
家居用品,厨房吧台用品,烘培用具,-
家居用品,厨房吧台用品,烘培用具,烘培套装
家居用品,厨房吧台用品,烘培用具,烘培与面点工具
家居用品,厨房吧台用品,烘培用具,烘烤盘
家居用品,厨房吧台用品,烘培用具,蛋糕工具
家居用品,厨房吧台用品,烘培用具,曲奇工具
家居用品,厨房吧台用品,烘培用具,烤箱用隔热手套
家居用品,厨房吧台用品,烘培用具,馅饼工具
家居用品,厨房吧台用品,烘培用具,匹萨工具
家居用品,厨房吧台用品,烘培用具,擀面杖和面板
家居用品,厨房吧台用品,酒吧酒具,-
家居用品,厨房吧台用品,酒吧酒具,酒吧酒具附件
家居用品,厨房吧台用品,酒吧酒具,酒具套装
家居用品,厨房吧台用品,酒吧酒具,酒吧工具
家居用品,厨房吧台用品,酒吧酒具,"冰桶,冷却器和酒架"
家居用品,厨房吧台用品,烹调工具,-
家居用品,厨房吧台用品,烹调工具,乳酪工具
家居用品,厨房吧台用品,烹调工具,咖啡和茶工具
家居用品,厨房吧台用品,烹调工具,滤网
家居用品,厨房吧台用品,烹调工具,烹调工具套装
家居用品,厨房吧台用品,烹调工具,甜品工具
家居用品,厨房吧台用品,烹调工具,鸡蛋工具
家居用品,厨房吧台用品,烹调工具,蔬果工具
家居用品,厨房吧台用品,烹调工具,调味工具
家居用品,厨房吧台用品,烹调工具,冰激凌工具
家居用品,厨房吧台用品,烹调工具,点火器
家居用品,厨房吧台用品,烹调工具,计时器
家居用品,厨房吧台用品,烹调工具,量具
家居用品,厨房吧台用品,烹调工具,肉类工具
家居用品,厨房吧台用品,烹调工具,研磨器（有关婴儿的请发布到婴儿食品研磨器下）
家居用品,厨房吧台用品,烹调工具,开瓶罐器
家居用品,厨房吧台用品,烹调工具,其它烹调工具
家居用品,厨房吧台用品,烹调工具,意粉工具
家居用品,厨房吧台用品,烹调工具,色拉工具
家居用品,厨房吧台用品,烹调工具,海鲜工具
家居用品,厨房吧台用品,烹调工具,专用工具
家居用品,厨房吧台用品,烹调工具,汤勺架和锅夹
家居用品,厨房吧台用品,烹调工具,寿司工具
家居用品,厨房吧台用品,烹调工具,器具
家居用品,厨房吧台用品,炊具,-
家居用品,厨房吧台用品,炊具,砂锅
家居用品,厨房吧台用品,炊具,炊具部件
家居用品,厨房吧台用品,炊具,炊具套装
家居用品,厨房吧台用品,炊具,双层蒸锅
家居用品,厨房吧台用品,炊具,荷兰锅
家居用品,厨房吧台用品,炊具,西式平底锅
家居用品,厨房吧台用品,炊具,压力锅
家居用品,厨房吧台用品,炊具,汤锅
家居用品,厨房吧台用品,炊具,蒸格
家居用品,厨房吧台用品,炊具,焖烧锅
家居用品,厨房吧台用品,炊具,烧水瓶和水壶
家居用品,厨房吧台用品,炊具,中式炒菜锅
家居用品,厨房吧台用品,饮具,-
家居用品,厨房吧台用品,饮具,咖啡和茶具套装
家居用品,厨房吧台用品,饮具,茶杯与茶碟(婴儿用的请发布到喂养杯/学饮杯下）
家居用品,厨房吧台用品,饮具,玻璃杯
家居用品,厨房吧台用品,饮具,酒壶
家居用品,厨房吧台用品,饮具,马克杯
家居用品,厨房吧台用品,饮具,茶具配件
家居用品,厨房吧台用品,饮具,保温瓶和热水瓶
家居用品,厨房吧台用品,饮具,水瓶和水壶
家居用品,厨房吧台用品,饮具,水罐
家居用品,厨房吧台用品,厨房刀具及附件,-
家居用品,厨房吧台用品,厨房刀具及附件,刀架和卷袋
家居用品,厨房吧台用品,厨房刀具及附件,砧板
家居用品,厨房吧台用品,厨房刀具及附件,厨房刀
家居用品,厨房吧台用品,厨房刀具及附件,套装刀具
家居用品,厨房吧台用品,厨房刀具及附件,磨刀器
家居用品,厨房吧台用品,桌面装饰品及附件,-
家居用品,厨房吧台用品,桌面装饰品及附件,餐具垫
家居用品,厨房吧台用品,桌面装饰品及附件,餐巾环
家居用品,厨房吧台用品,桌面装饰品及附件,纸巾盒
家居用品,厨房吧台用品,桌面装饰品及附件,牙签盒
家居用品,厨房吧台用品,桌面装饰品及附件,牙签
家居用品,厨房吧台用品,餐具,-
家居用品,厨房吧台用品,餐具,碗
家居用品,厨房吧台用品,餐具,筷子
家居用品,厨房吧台用品,餐具,餐刀
家居用品,厨房吧台用品,餐具,餐具套装
家居用品,厨房吧台用品,餐具,餐盘（婴儿用的请发布到婴儿喂养碗下）
家居用品,厨房吧台用品,餐具,扁平餐具套装
家居用品,厨房吧台用品,餐具,餐叉
家居用品,厨房吧台用品,餐具,调味汁壶
家居用品,厨房吧台用品,餐具,调羹(婴儿用的请发布到婴儿喂养匙下）
家居用品,厨房吧台用品,餐具,装糖或乳脂的小罐
家居用品,厨房吧台用品,餐具,有盖汤盆
家居用品,其它家居和园艺用品,-,-
家居用品,宠物用品,-,-
家居用品,宠物用品,养鸟用品,-
家居用品,宠物用品,养鸟用品,鸟笼
家居用品,宠物用品,养鸟用品,水杯/水瓶
家居用品,宠物用品,养鸟用品,鸟粮
家居用品,宠物用品,养鸟用品,喂食用品
家居用品,宠物用品,养鸟用品,鸟美容用品
家居用品,宠物用品,养鸟用品,鸟玩具
家居用品,宠物用品,养鸟用品,保健&维生素
家居用品,宠物用品,养鸟用品,鸟笼罩
家居用品,宠物用品,养鸟用品,其它鸟类用品
家居用品,宠物用品,养鸟用品,训练用品
家居用品,宠物用品,养猫用品,-
家居用品,宠物用品,养猫用品,猫配饰
家居用品,宠物用品,养猫用品,猫自动喂食/喂水器
家居用品,宠物用品,养猫用品,猫便盆
家居用品,宠物用品,养猫用品,猫窝/猫垫
家居用品,宠物用品,养猫用品,猫碗
家居用品,宠物用品,养猫用品,猫笼子
家居用品,宠物用品,养猫用品,猫携带用品
家居用品,宠物用品,养猫用品,猫外套/夹克
家居用品,宠物用品,养猫用品,猫项圈和牵引
家居用品,宠物用品,养猫用品,角色扮演服
家居用品,宠物用品,养猫用品,猫大门/围栏
家居用品,宠物用品,养猫用品,猫羽绒服/棉服
家居用品,宠物用品,养猫用品,猫连衣裙
家居用品,宠物用品,养猫用品,猫干粮
家居用品,宠物用品,养猫用品,猫美容用品
家居用品,宠物用品,养猫用品,猫卫衣
家居用品,宠物用品,养猫用品,猫鞋
家居用品,宠物用品,养猫用品,猫玩具
家居用品,宠物用品,养猫用品,猫训练用品
家居用品,宠物用品,养猫用品,猫保健用品
家居用品,宠物用品,养猫用品,猫风衣
家居用品,宠物用品,养猫用品,猫马甲/背心
家居用品,宠物用品,养猫用品,猫湿粮
家居用品,宠物用品,养猫用品,家具及抓爬工具
家居用品,宠物用品,养猫用品,其它养猫用品
家居用品,宠物用品,养狗用品,-
家居用品,宠物用品,养狗用品,狗梳子
家居用品,宠物用品,养狗用品,狗配件用品
家居用品,宠物用品,养狗用品,狗自动喂食/喂水器
家居用品,宠物用品,养狗用品,狗窝/垫子
家居用品,宠物用品,养狗用品,狗帽子
家居用品,宠物用品,养狗用品,狗携带用品
家居用品,宠物用品,养狗用品,狗大衣/夹克
家居用品,宠物用品,养狗用品,狗项圈和牵引
家居用品,宠物用品,养狗用品,狗羽绒服/棉服
家居用品,宠物用品,养狗用品,狗连衣裙
家居用品,宠物用品,养狗用品,狗干粮
家居用品,宠物用品,养狗用品,狗喂食/喂水用品
家居用品,宠物用品,养狗用品,狗栅栏
家居用品,宠物用品,养狗用品,电推子
家居用品,宠物用品,养狗用品,狗卫衣
家居用品,宠物用品,养狗用品,狗连体衣/背带裤
家居用品,宠物用品,养狗用品,狗套装
家居用品,宠物用品,养狗用品,狗衬衫
家居用品,宠物用品,养狗用品,狗鞋
家居用品,宠物用品,养狗用品,狗短裤
家居用品,宠物用品,养狗用品,狗短裙
家居用品,宠物用品,养狗用品,狗毛衣
家居用品,宠物用品,养狗用品,狗牙刷
家居用品,宠物用品,养狗用品,狗玩具
家居用品,宠物用品,养狗用品,狗训练用品
家居用品,宠物用品,养狗用品,狗喂养保健品
家居用品,宠物用品,养狗用品,狗风衣
家居用品,宠物用品,养狗用品,狗背心
家居用品,宠物用品,养狗用品,狗湿粮
家居用品,宠物用品,养狗用品,狗用吹水机
家居用品,宠物用品,养狗用品,宠物追踪器
家居用品,宠物用品,养狗用品,狗舍
家居用品,宠物用品,养狗用品,狗纪念品
家居用品,宠物用品,养狗用品,狗指甲钳
家居用品,宠物用品,养狗用品,其它养狗用品
家居用品,宠物用品,养狗用品,狗雨衣
家居用品,宠物用品,养狗用品,毛发剪
家居用品,宠物用品,养狗用品,过滤器
家居用品,宠物用品,养狗用品,狗毛巾
家居用品,宠物用品,家畜家禽类用品,-
家居用品,宠物用品,家畜家禽类用品,家禽家畜笼子和附件
家居用品,宠物用品,家畜家禽类用品,携带用品
家居用品,宠物用品,家畜家禽类用品,家禽喂养用品
家居用品,宠物用品,家畜家禽类用品,其它家禽用品
家居用品,宠物用品,鱼和水生生物用品,-
家居用品,宠物用品,鱼和水生生物用品,空气泵及附件
家居用品,宠物用品,鱼和水生生物用品,水族箱/鱼缸
家居用品,宠物用品,鱼和水生生物用品,二氧化碳和臭氧设备
家居用品,宠物用品,鱼和水生生物用品,鱼缸清洁工具
家居用品,宠物用品,鱼和水生生物用品,装饰品
家居用品,宠物用品,鱼和水生生物用品,过滤器及附件
家居用品,宠物用品,鱼和水生生物用品,喂食/水器
家居用品,宠物用品,鱼和水生生物用品,鱼食
家居用品,宠物用品,鱼和水生生物用品,照明
家居用品,宠物用品,鱼和水生生物用品,其它
家居用品,宠物用品,鱼和水生生物用品,零配件
家居用品,宠物用品,鱼和水生生物用品,控温器材
家居用品,宠物用品,鱼和水生生物用品,养鱼水泵
家居用品,宠物用品,昆虫用品,-
家居用品,宠物用品,昆虫用品,昆虫箱
家居用品,宠物用品,昆虫用品,其它
食品,咖啡,-,-
食品,干果,-,-
食品,干货/土特产,-,-
食品,谷物制品,-,-
食品,枸杞,-,-
食品,坚果,-,-
食品,茶叶,-,-
食品,茶叶,红茶,-
食品,茶叶,水果茶,-
食品,茶叶,谷物茶,-
食品,茶叶,绿茶,-
食品,茶叶,草本茶,-
食品,茶叶,乌龙茶,-
食品,茶叶,其他茶,-
食品,茶叶,普洱茶,-
食品,茶叶,白茶,-
食品,茶叶,黄茶,-
食品,茶叶,花茶,-
五金,胶粘剂/密封剂,-,-
五金,胶粘剂/密封剂,缝隙胶,-
五金,胶粘剂/密封剂,环氧树脂胶,-
五金,胶粘剂/密封剂,涂封物,-
五金,胶粘剂/密封剂,硅密封胶,-
五金,胶粘剂/密封剂,胶带,-
五金,胶粘剂/密封剂,瓷砖填缝剂,-
五金,胶粘剂/密封剂,木胶,-
五金,托架,-,-
五金,链条,-,-
五金,夹具,-,-
五金,门五金及锁,-,-
五金,门五金及锁,门自动启闭装置,-
五金,门五金及锁,门插销,-
五金,门五金及锁,闭门器,-
五金,门五金及锁,门拉手,-
五金,门五金及锁,门合页/铰链,-
五金,门五金及锁,门牌,-
五金,门五金及锁,门辊轴,-
五金,门五金及锁,门掣/门顶/门阻器/门吸,-
五金,门五金及锁,猫眼,-
五金,门五金及锁,门铃,-
五金,门五金及锁,圆筒式门把,-
五金,门五金及锁,玻璃夹,-
五金,门五金及锁,门环,-
五金,紧固件,-,-
五金,紧固件,锚栓件,-
五金,紧固件,螺栓,-
五金,紧固件,定位销,-
五金,紧固件,扣眼,-
五金,紧固件,钉,-
五金,紧固件,螺母螺栓组合,-
五金,紧固件,螺母,-
五金,紧固件,照片墙钉,-
五金,紧固件,销子,-
五金,紧固件,止付螺钉,-
五金,紧固件,铆钉,-
五金,紧固件,螺丝钉,-
五金,紧固件,U型钉,-
五金,紧固件,大头钉,-
五金,紧固件,螺纹嵌件,-
五金,紧固件,垫圈,-
五金,家具五金,-,-
五金,家具五金,柜门吸,-
五金,家具五金,角码,-
五金,家具五金,家具插销,-
五金,家具五金,家具脚轮,-
五金,家具五金,家具合页/铰链,-
五金,家具五金,家具把手,-
五金,家具五金,滑轨,-
五金,车库门五金,-,-
五金,搭扣,-,-
五金,吊钩,-,-
五金,锁具,-,-
五金,大门五金,-,-
五金,其他五金件,-,-
五金,弹簧,-,-
五金,窗户五金,-,-
五金,窗户五金,窗户插销,-
五金,窗户五金,密封条,-
五金,窗户五金,风撑,-
五金,窗户五金,窗户滑轮,-
五金,窗户五金,窗饰五金,-
工具,磨具,-,-
工具,磨料,-,-
工具,建筑工具,-,-
工具,建筑工具,压胶枪,-
工具,建筑工具,玻璃刀,-
工具,建筑工具,施工设施部件,-
工具,建筑工具,梯子,-
工具,建筑工具,抹泥板,-
工具,建筑工具,油灰刀,-
工具,手工具,-,-
工具,手工具,斧,-
工具,手工具,刷,-
工具,手工具,凿,-
工具,手工具,锉,-
工具,手工具,锤,-
工具,手工具,刀,-
工具,手工具,锁匠工具,-
工具,手工具,钳,-
工具,手工具,锯,-
工具,手工具,剪,-
工具,手工具,螺丝刀,-
工具,手工具,丝锥板牙,-
工具,手工具,扳手,-
工具,起重工具,-,-
工具,起重工具,千斤顶,-
工具,起重工具,吊索,-
工具,仪器仪表,-,-
工具,仪器仪表,分析仪器,-
工具,仪器仪表,分析仪器,碳分析仪
工具,仪器仪表,分析仪器,浓度计
工具,仪器仪表,分析仪器,密度计
工具,仪器仪表,分析仪器,气体分析仪
工具,仪器仪表,分析仪器,湿度计
工具,仪器仪表,分析仪器,PH计
工具,仪器仪表,计数器,-
工具,仪器仪表,电工仪器仪表,-
工具,仪器仪表,电工仪器仪表,电池测试器
工具,仪器仪表,电工仪器仪表,钳型表
工具,仪器仪表,电工仪器仪表,电流测量仪表
工具,仪器仪表,电工仪器仪表,电能仪表
工具,仪器仪表,电工仪器仪表,频率测量仪表
工具,仪器仪表,电工仪器仪表,万用表
工具,仪器仪表,电工仪器仪表,电位差计
工具,仪器仪表,电工仪器仪表,功率测量仪表
工具,仪器仪表,电工仪器仪表,电阻测量仪表
工具,仪器仪表,电工仪器仪表,电压测量仪表
工具,仪器仪表,电子测量仪器,-
工具,仪器仪表,电子测量仪器,金属探测仪
工具,仪器仪表,电子测量仪器,示波器
工具,仪器仪表,电子测量仪器,信号发生器
工具,仪器仪表,电子测量仪器,频谱分析仪
工具,仪器仪表,流量测量仪器,-
工具,仪器仪表,流量测量仪器,流量计
工具,仪器仪表,流量测量仪器,流量传感器
工具,仪器仪表,流量测量仪器,煤气表
工具,仪器仪表,流量测量仪器,水表
工具,仪器仪表,配件与附件,-
工具,仪器仪表,物位测量仪器,-
工具,仪器仪表,仪器仪表设计服务,-
工具,仪器仪表,仪器仪表库存,-
工具,仪器仪表,量具,-
工具,仪器仪表,量具,百分表/千分表
工具,仪器仪表,量具,量规
工具,仪器仪表,量具,千分尺
工具,仪器仪表,量具,卷尺
工具,仪器仪表,量具,游标卡尺
工具,仪器仪表,光学仪器,-
工具,仪器仪表,光学仪器,激光水平仪
工具,仪器仪表,光学仪器,激光测距仪
工具,仪器仪表,光学仪器,透镜
工具,仪器仪表,光学仪器,放大镜
工具,仪器仪表,光学仪器,显微镜
工具,仪器仪表,光学仪器,滤光镜，滤光片
工具,仪器仪表,光学仪器,棱镜
工具,仪器仪表,光学仪器,折射仪
工具,仪器仪表,光学仪器,光谱仪
工具,仪器仪表,光学仪器,望远镜
工具,仪器仪表,光学仪器,经纬仪
工具,仪器仪表,其他仪器仪表,-
工具,仪器仪表,物理量测量仪器,-
工具,仪器仪表,物理量测量仪器,测力仪器
工具,仪器仪表,物理量测量仪器,硬度计
工具,仪器仪表,物理量测量仪器,高度测量仪器
工具,仪器仪表,物理量测量仪器,速度测量仪器
工具,仪器仪表,物理量测量仪器,厚度测量仪器
工具,仪器仪表,压力测量仪器,-
工具,仪器仪表,压力测量仪器,压力表/压力计
工具,仪器仪表,压力测量仪器,压力监控器
工具,仪器仪表,压力测量仪器,减压器
工具,仪器仪表,压力测量仪器,压力传感器
工具,仪器仪表,压力测量仪器,压力变送器
工具,仪器仪表,温度测量仪器,-
工具,仪器仪表,试验机,-
工具,仪器仪表,计时器,-
工具,仪器仪表,衡器，秤,-
工具,其他工具,-,-
工具,动力工具配件,-,-
工具,动力工具,-,-
工具,动力工具,鼓风机,-
工具,动力工具,钻头,-
工具,动力工具,电钻,-
工具,动力工具,电锤,-
工具,动力工具,电动套丝机,-
工具,动力工具,电刨,-
工具,动力工具,电锯,-
工具,动力工具,电动螺丝刀,-
工具,动力工具,修边机,-
工具,动力工具,电动板手,-
工具,动力工具,胶枪,-
工具,动力工具,研磨工具,-
工具,动力工具,砂轮片,-
工具,动力工具,热风枪,-
工具,动力工具,热熔胶棒,-
工具,动力工具,液压工具,-
工具,动力工具,钉枪,-
工具,动力工具,气动工具,-
工具,动力工具,抛光机,-
工具,动力工具,抛光垫,-
工具,动力工具,砂光机,-
工具,动力工具,砂光盘,-
工具,动力工具,锯片,-
工具,动力工具,喷枪,-
工具,工具零件,-,-
工具,组合工具,-,-
工具,组合工具,手动工具组合,-
工具,组合工具,油漆工具组合,-
工具,组合工具,动力工具组合,-
工具,工具收纳整理,-,-
工具,工具收纳整理,工具包,-
工具,工具收纳整理,工具盒,-
工具,工具收纳整理,工具柜,-
工具,工具收纳整理,工具箱,-
建筑,板材,-,-
建筑,板材,合成铝板，铝复合板，铝塑板,-
建筑,板材,水泥板,-
建筑,板材,石膏板,-
建筑,板材,夹芯板,-
建筑,建筑玻璃,-,-
建筑,吊顶，天花板,-,-
建筑,吊顶，天花板,天花龙骨零组件,-
建筑,吊顶，天花板,吊顶天花板,-
建筑,吊顶，天花板,护角,-
建筑,吊顶，天花板,线条,-
建筑,台面,-,-
建筑,幕墙及附件,-,-
建筑,幕墙及附件,幕墙型材,-
建筑,幕墙及附件,幕墙,-
建筑,幕墙及附件,驳接爪,-
建筑,门，窗,-,-
建筑,门，窗,门窗框,-
建筑,门，窗,门窗栅栏,-
建筑,门，窗,门槛,-
建筑,门，窗,门,-
建筑,门，窗,大门（外面不与建筑物相连的门）,-
建筑,门，窗,百叶门窗,-
建筑,门，窗,窗沿,-
建筑,门，窗,窗,-
建筑,土工材料,-,-
建筑,土工材料,土工格室,-
建筑,土工材料,土工格栅,-
建筑,土工材料,土工膜,-
建筑,土工材料,土工布,-
建筑,壁炉，火炉,-,-
建筑,壁炉，火炉,壁炉零部件,-
建筑,壁炉，火炉,壁炉,-
建筑,壁炉，火炉,火炉,-
建筑,地暖系统及部件,-,-
建筑,地板及附件,-,-
建筑,地板及附件,防静电地板,-
建筑,地板及附件,竹地板,-
建筑,地板及附件,软木地板,-
建筑,地板及附件,复合地板,-
建筑,地板及附件,地板附件,-
建筑,地板及附件,塑料地板,-
建筑,地板及附件,橡胶地板,-
建筑,地板及附件,实木地板,-
建筑,功能性材料,-,-
建筑,功能性材料,防火材料,-
建筑,功能性材料,防火材料,硅酸钙板
建筑,功能性材料,防火材料,氧化镁板
建筑,功能性材料,隔热材料,-
建筑,功能性材料,隔热材料,膨胀聚苯乙烯泡沫保温板
建筑,功能性材料,隔热材料,挤塑式聚苯乙烯隔热保温板
建筑,功能性材料,多功能特殊材料,-
建筑,功能性材料,隔音材料,-
建筑,功能性材料,隔音材料,吸音板
建筑,功能性材料,隔音材料,声屏障
建筑,功能性材料,防水材料,-
建筑,功能性材料,防水材料,屋面毡
建筑,功能性材料,防水材料,防水卷材
建筑,园林景观与装饰,-,-
建筑,园林景观与装饰,其它园林景观与装饰,-
建筑,冷暖通风系统及部件,-,-
建筑,厨房和浴室设施,-,-
建筑,厨房和浴室设施,卫浴设施零件,-
建筑,厨房和浴室设施,卫浴设施零件,浴缸把手
建筑,厨房和浴室设施,卫浴设施零件,浴缸枕头
建筑,厨房和浴室设施,卫浴设施零件,去水，地漏
建筑,厨房和浴室设施,卫浴设施零件,进水阀
建筑,厨房和浴室设施,卫浴设施零件,瓣阀、水箱球
建筑,厨房和浴室设施,卫浴设施零件,冲水阀
建筑,厨房和浴室设施,卫浴设施零件,软管
建筑,厨房和浴室设施,卫浴设施零件,管口
建筑,厨房和浴室设施,卫浴设施零件,弯管
建筑,厨房和浴室设施,卫浴设施零件,水箱拉杆
建筑,厨房和浴室设施,卫浴设施零件,座便器底座
建筑,厨房和浴室设施,卫浴设施零件,座厕按钮
建筑,厨房和浴室设施,卫浴设施零件,座便器盖板
建筑,厨房和浴室设施,台盆,-
建筑,厨房和浴室设施,浴室柜,-
建筑,厨房和浴室设施,浴缸、按摩浴缸（婴儿的请发布到婴儿浴盆下）,-
建筑,厨房和浴室设施,妇洗器,-
建筑,厨房和浴室设施,橱柜及附件,-
建筑,厨房和浴室设施,橱柜及附件,橱柜零配件
建筑,厨房和浴室设施,橱柜及附件,橱柜
建筑,厨房和浴室设施,厨房水槽,-
建筑,厨房和浴室设施,橱柜收纳件,-
建筑,厨房和浴室设施,卫浴套件,-
建筑,厨房和浴室设施,淋浴房及附件,-
建筑,厨房和浴室设施,淋浴房及附件,浴屏/淋浴隔断
建筑,厨房和浴室设施,淋浴房及附件,淋浴门
建筑,厨房和浴室设施,淋浴房及附件,淋浴房
建筑,厨房和浴室设施,淋浴房及附件,淋浴房底座
建筑,厨房和浴室设施,太阳能集热器,-
建筑,厨房和浴室设施,水疗池与桑拿房,-
建筑,厨房和浴室设施,水疗池与桑拿房,桑拿房
建筑,厨房和浴室设施,水疗池与桑拿房,Spa水疗池
建筑,厨房和浴室设施,蹲便器,-
建筑,厨房和浴室设施,厕所水箱,-
建筑,厨房和浴室设施,座便器,-
建筑,厨房和浴室设施,小便器,-
建筑,梯子和脚手架,-,-
建筑,梯子和脚手架,脚手架,-
建筑,梯子和脚手架,工作台,-
建筑,环境石材,-,-
建筑,环境石材,鹅卵石,-
建筑,环境石材,路边石、镶边石、侧石、井栏石,-
建筑,环境石材,砾石，碎石,-
建筑,环境石材,蘑菇石,-
建筑,环境石材,铺路石,-
建筑,环境石材,盲人石,-
建筑,金属建材,-,-
建筑,金属建材,铝材,-
建筑,金属建材,铝材,铝棒
建筑,金属建材,铝材,铝管
建筑,金属建材,铝材,铝粉
建筑,金属建材,铝材,铝型材
建筑,金属建材,铝材,铝带
建筑,金属建材,铝材,铝丝
建筑,金属建材,带刺金属丝,-
建筑,金属建材,轴承钢,-
建筑,金属建材,铜材,-
建筑,金属建材,铜材,铜棒
建筑,金属建材,铜材,电解铜
建筑,金属建材,铜材,铜管
建筑,金属建材,铜材,铜粉
建筑,金属建材,铜材,铜板
建筑,金属建材,铜材,铜带
建筑,金属建材,铜材,铜丝
建筑,金属建材,石墨制品,-
建筑,金属建材,石墨制品,石墨坩埚
建筑,金属建材,石墨制品,石墨电极
建筑,金属建材,石墨制品,石墨模具
建筑,金属建材,石墨制品,石墨粉
建筑,金属建材,石墨制品,石墨棒
建筑,金属建材,石墨制品,石墨板
建筑,金属建材,石墨制品,其它石墨产品
建筑,金属建材,金属锭,-
建筑,金属建材,金属锭,铝锭
建筑,金属建材,金属锭,锑锭
建筑,金属建材,金属锭,铋锭
建筑,金属建材,金属锭,铜锭
建筑,金属建材,金属锭,铟锭
建筑,金属建材,金属锭,铅锭
建筑,金属建材,金属锭,镁锭
建筑,金属建材,金属锭,锰锭
建筑,金属建材,金属锭,其它锭
建筑,金属建材,金属锭,硅锭
建筑,金属建材,金属锭,钢锭
建筑,金属建材,金属锭,锡锭
建筑,金属建材,金属锭,钛锭
建筑,金属建材,金属锭,锌锭
建筑,金属建材,铁丝,-
建筑,金属建材,磁性材料,-
建筑,金属建材,镍,-
建筑,金属建材,石英制品,-
建筑,金属建材,石英制品,石英坩埚
建筑,金属建材,石英制品,石英板
建筑,金属建材,石英制品,石英棒
建筑,金属建材,石英制品,石英石
建筑,金属建材,石英制品,石英管
建筑,金属建材,稀土及其制品,-
建筑,金属建材,弹簧钢,-
建筑,金属建材,不锈钢材 ,-
建筑,金属建材,不锈钢材 ,其它不锈钢
建筑,金属建材,不锈钢材 ,不锈钢角钢
建筑,金属建材,不锈钢材 ,不锈钢球
建筑,金属建材,不锈钢材 ,不锈钢棒
建筑,金属建材,不锈钢材 ,不锈钢槽钢
建筑,金属建材,不锈钢材 ,不锈钢扁钢
建筑,金属建材,不锈钢材 ,不锈钢管
建筑,金属建材,不锈钢材 ,不锈钢板
建筑,金属建材,不锈钢材 ,不锈钢带
建筑,金属建材,不锈钢材 ,不锈钢丝
建筑,金属建材,钢,-
建筑,金属建材,钢,槽钢
建筑,金属建材,钢,钢管
建筑,金属建材,钢,钢轨
建筑,金属建材,钢,螺纹钢
建筑,金属建材,钢,圆钢
建筑,金属建材,钢,钢板
建筑,金属建材,钢,带钢
建筑,金属建材,钢,钢结构
建筑,金属建材,钢,钢丝
建筑,金属建材,钢,结构钢
建筑,金属建材,钢,马口铁
建筑,金属建材,钛材,-
建筑,金属建材,钛材,其它钛
建筑,金属建材,钛材,钛棒
建筑,金属建材,钛材,钛箔
建筑,金属建材,钛材,钛管
建筑,金属建材,钛材,钛粉
建筑,金属建材,钛材,钛板
建筑,金属建材,钛材,钛丝
建筑,金属建材,钨,-
建筑,金属建材,钨,钨棒
建筑,金属建材,钨,钨坩埚
建筑,金属建材,钨,钨膜
建筑,金属建材,钨,钨管
建筑,金属建材,钨,钨粉
建筑,金属建材,钨,钨板
建筑,金属建材,钨,钨丝
建筑,金属建材,金属丝网,-
建筑,金属建材,金属丝网,铝丝网
建筑,金属建材,金属丝网,铜丝网
建筑,金属建材,金属丝网,铁丝网
建筑,金属建材,金属丝网,其它丝网
建筑,金属建材,金属丝网,钢丝网
建筑,其它家装,-,-
建筑,塑料建筑材料,-,-
建筑,塑料建筑材料,建筑膜,-
建筑,塑料建筑材料,塑料型材,-
建筑,塑料建筑材料,阳光板，PC颗粒板,-
建筑,荒料及石板材,-,-
建筑,荒料及石板材,人造石,-
建筑,荒料及石板材,天然石材,-
建筑,荒料及石板材,天然石材,玄武岩
建筑,荒料及石板材,天然石材,花岗岩
建筑,荒料及石板材,天然石材,石灰石
建筑,荒料及石板材,天然石材,大理石
建筑,荒料及石板材,天然石材,砂岩
建筑,荒料及石板材,天然石材,板岩
建筑,楼梯及部件,-,-
建筑,楼梯及部件,栏杆，扶手,-
建筑,楼梯及部件,楼梯零部件,-
建筑,楼梯及部件,楼梯,-
建筑,石雕石刻,-,-
建筑,石雕石刻,拱门,-
建筑,石雕石刻,柱子,-
建筑,石雕石刻,雕像,-
建筑,石雕石刻,石制园林产品,-
建筑,石雕石刻,浮雕,-
建筑,阳光房，玻璃房,-,-
建筑,瓷砖及附件,-,-
建筑,瓷砖及附件,马赛克,-
建筑,瓷砖及附件,瓷砖附件,-
建筑,瓷砖及附件,瓷砖,-
建筑,木材,-,-
建筑,木材,防腐木,-
建筑,木材,防火板,-
建筑,木材,纤维板/密度板,-
建筑,木材,指接板/集成材,-
建筑,木材,刨花板,-
建筑,木材,细木工板/大芯板,-
建筑,木材,三聚氰胺板,-
建筑,木材,胶合板,-
建筑,木材,实木板,-
建筑,木材,木皮,-
照明灯饰,商业照明,-,-
照明灯饰,商业照明,广告灯,-
照明灯饰,商业照明,镭射灯,-
照明灯饰,商业照明,光纤灯,-
照明灯饰,商业照明,专业灯具,-
照明灯饰,商业照明,光效灯（舞台灯）,-
照明灯饰,节日照明,-,-
照明灯饰,室内灯饰灯具,-,-
照明灯饰,室内灯饰灯具,小书灯,-
照明灯饰,室内灯饰灯具,吊扇灯,-
照明灯饰,室内灯饰灯具,吸顶灯,-
照明灯饰,室内灯饰灯具,枝形吊灯,-
照明灯饰,室内灯饰灯具,阅读台灯,-
照明灯饰,室内灯饰灯具,筒灯（非LED等光源，支架请发布到附件类目下）,-
照明灯饰,室内灯饰灯具,落地灯,-
照明灯饰,室内灯饰灯具,格栅灯,-
照明灯饰,室内灯饰灯具,小夜灯,-
照明灯饰,室内灯饰灯具,吊灯,-
照明灯饰,室内灯饰灯具,射灯(含支架，非灯泡类),-
照明灯饰,室内灯饰灯具,桌面装饰灯,-
照明灯饰,室内灯饰灯具,轨道灯,-
照明灯饰,室内灯饰灯具,壁灯,-
照明灯饰,LED照明,-,-
照明灯饰,LED照明,LED硬条灯,-
照明灯饰,LED照明,LED筒灯,-
照明灯饰,LED照明,LED电子蜡烛,-
照明灯饰,LED照明,LED模块,-
照明灯饰,LED照明,LED面板灯,-
照明灯饰,LED照明,LED射灯,-
照明灯饰,LED照明,LED灯带,-
照明灯饰,照明附件,-,-
照明灯饰,照明附件,镇流器,-
照明灯饰,照明附件,吊灯的水晶,-
照明灯饰,照明附件,连接器,-
照明灯饰,照明附件,调光器,-
照明灯饰,照明附件,插座（墙插&地插）,-
照明灯饰,照明附件,手电筒固定器,-
照明灯饰,照明附件,灯座,-
照明灯饰,照明附件,灯罩,-
照明灯饰,照明附件,灯头转换器,-
照明灯饰,照明附件,灯珠,-
照明灯饰,照明附件,照明变压器,-
照明灯饰,照明附件,吊灯升降器,-
照明灯饰,照明附件,便携式照明配件,-
照明灯饰,照明附件,光色控制器,-
照明灯饰,照明附件,启辉器、启动器,-
照明灯饰,照明附件,开关,-
照明灯饰,照明附件,电线电缆,-
照明灯饰,灯泡、灯管,-,-
照明灯饰,灯泡、灯管,节能、荧光灯泡灯管,-
照明灯饰,灯泡、灯管,卤素灯泡,-
照明灯饰,灯泡、灯管,高压钠灯,-
照明灯饰,灯泡、灯管,白炽灯泡,-
照明灯饰,灯泡、灯管,LED灯泡灯管,-
照明灯饰,灯泡、灯管,水银灯，汞灯,-
照明灯饰,灯泡、灯管,金属卤化物灯，金卤灯,-
照明灯饰,灯泡、灯管,霓虹灯灯泡灯管，氖灯,-
照明灯饰,灯泡、灯管,紫外线UV灯,-
照明灯饰,灯泡、灯管,氙灯,-
照明灯饰,新奇特灯,-,-
照明灯饰,其它照明产品,-,-
照明灯饰,室外照明,-,-
照明灯饰,室外照明,泛光灯,-
照明灯饰,室外照明,景观照明,-
照明灯饰,室外照明,灯笼,-
照明灯饰,室外照明,草坪灯,-
照明灯饰,室外照明,灯串,-
照明灯饰,室外照明,路径灯,-
照明灯饰,室外照明,"户外壁灯,廊灯",-
照明灯饰,室外照明,太阳能灯,-
照明灯饰,室外照明,路灯，街灯,-
照明灯饰,室外照明,埋地灯,-
照明灯饰,室外照明,水下灯具,-
照明灯饰,便携式照明,-,-
照明灯饰,便携式照明,手电筒,-
照明灯饰,便携式照明,头灯,-
照明灯饰,便携式照明,便携提灯,-
照明灯饰,便携式照明,便携式探照灯,-
照明灯饰,专业灯具,-,-
照明灯饰,专业灯具,应急灯,-
照明灯饰,专业灯具,植物生长灯,-
照明灯饰,专业灯具,指示灯,-
照明灯饰,专业灯具,工业照明,-
照明灯饰,专业灯具,业余摄影灯,-
照明灯饰,专业灯具,紫外线胶体固化灯,-
